ip,port,image_path
108.176.64.17,8080,/axis-cgi/jpg/image.cgi
128.10.29.20,80,/axis-cgi/jpg/image.cgi
128.10.29.21,80,/axis-cgi/jpg/image.cgi
128.10.29.22,80,/axis-cgi/jpg/image.cgi
128.10.29.23,80,/axis-cgi/jpg/image.cgi
128.10.29.24,80,/axis-cgi/jpg/image.cgi
128.10.29.25,80,/axis-cgi/jpg/image.cgi
128.10.29.26,80,/axis-cgi/jpg/image.cgi
128.10.29.27,80,/axis-cgi/jpg/image.cgi
128.10.29.30,80,/axis-cgi/jpg/image.cgi
128.10.29.31,80,/axis-cgi/jpg/image.cgi
128.10.29.32,80,/axis-cgi/jpg/image.cgi
128.10.29.33,80,/axis-cgi/jpg/image.cgi
128.111.184.53,80,/axis-cgi/jpg/image.cgi
128.120.82.170,80,/axis-cgi/jpg/image.cgi
128.122.151.22,80,NULL
128.122.151.227,80,NULL
128.125.166.107,80,NULL
128.125.166.83,80,/axis-cgi/jpg/image.cgi
128.135.156.197,80,/SnapshotJPEG?Resolution
128.135.156.247,80,/axis-cgi/jpg/image.cgi
128.135.17.122,80,/axis-cgi/jpg/image.cgi
128.135.244.15,80,/SnapshotJPEG?Resolution
128.135.244.16,80,/SnapshotJPEG?Resolution
128.135.244.18,80,/SnapshotJPEG?Resolution
128.135.244.19,80,/SnapshotJPEG?Resolution
128.135.244.21,80,/SnapshotJPEG?Resolution
128.135.244.22,80,/SnapshotJPEG?Resolution
128.135.244.23,80,/SnapshotJPEG?Resolution
128.135.244.28,80,/axis-cgi/jpg/image.cgi
128.135.36.219,80,/axis-cgi/jpg/image.cgi
128.135.81.164,80,/SnapshotJPEG?Resolution
128.135.81.168,80,/axis-cgi/jpg/image.cgi
128.135.82.192,80,/axis-cgi/jpg/image.cgi
128.135.89.83,80,/axis-cgi/jpg/image.cgi
128.151.62.11,80,/image.jpg
128.153.6.43,80,/axis-cgi/jpg/image.cgi
128.174.15.234,80,/axis-cgi/jpg/image.cgi
128.194.59.236,80,/axis-cgi/jpg/image.cgi
128.210.129.12,80,/axis-cgi/jpg/image.cgi
128.210.133.200,80,/axis-cgi/jpg/image.cgi
128.210.133.218,80,/axis-cgi/jpg/image.cgi
128.210.133.219,80,/axis-cgi/jpg/image.cgi
128.210.137.244,80,NULL
128.210.169.237,80,/image.jpg
128.210.72.31,80,/axis-cgi/jpg/image.cgi
128.253.181.41,80,/axis-cgi/jpg/image.cgi
128.46.160.229,80,/axis-cgi/jpg/image.cgi
128.46.170.242,80,/axis-cgi/jpg/image.cgi
128.46.170.243,80,/axis-cgi/jpg/image.cgi
128.46.184.48,80,/axis-cgi/jpg/image.cgi
128.46.184.49,80,/axis-cgi/jpg/image.cgi
128.46.190.179,80,/axis-cgi/jpg/image.cgi
128.46.193.69,80,/axis-cgi/jpg/image.cgi
128.46.207.194,80,/image.jpg
128.46.207.40,80,/image.jpg
128.46.207.59,80,/image.jpg
128.46.207.84,80,/image.jpg
128.46.71.10,80,/axis-cgi/jpg/image.cgi
128.46.75.70,80,/SnapshotJPEG?Resolution
128.46.75.76,80,/SnapshotJPEG?Resolution
129.137.3.21,80,/axis-cgi/jpg/image.cgi
129.210.52.139,80,/axis-cgi/jpg/image.cgi
134.71.66.231,80,/axis-cgi/jpg/image.cgi
137.110.119.4,80,NULL
138.23.101.90,80,/image
138.23.101.91,80,/image
138.23.101.92,80,/image
144.80.33.99,80,/axis-cgi/jpg/image.cgi
146.186.123.229,80,/axis-cgi/jpg/image.cgi
146.186.221.252,80,/axis-cgi/jpg/image.cgi
146.186.29.200,80,/axis-cgi/jpg/image.cgi
146.186.65.36,80,/axis-cgi/jpg/image.cgi
147.253.140.110,80,/axis-cgi/jpg/image.cgi
148.137.190.230,80,/axis-cgi/jpg/image.cgi
149.43.156.105,80,/axis-cgi/jpg/image.cgi
152.1.130.216,80,/axis-cgi/jpg/image.cgi
152.1.131.130,80,NULL
152.3.114.18,80,/axis-cgi/jpg/image.cgi
155.247.171.2,80,/axis-cgi/jpg/image.cgi
155.247.171.3,80,/axis-cgi/jpg/image.cgi
157.242.44.60,80,/axis-cgi/jpg/image.cgi
164.54.143.12,80,NULL
168.170.186.230,80,NULL
192.185.88.80,80,NULL
192.203.224.2,8090,/axis-cgi/jpg/image.cgi
199.79.254.179,80,/axis-cgi/jpg/image.cgi
199.8.71.140,80,/SnapshotJPEG?Resolution
206.171.67.11,80,/axis-cgi/jpg/image.cgi
206.176.246.214,80,/axis-cgi/jpg/image.cgi
206.176.248.150,80,NULL
206.74.227.11,80,/axis-cgi/jpg/image.cgi
207.30.63.99,80,/axis-cgi/jpg/image.cgi
208.108.146.134,80,/axis-cgi/jpg/image.cgi
208.125.238.230,80,/axis-cgi/jpg/image.cgi
208.78.189.12,80,/axis-cgi/jpg/image.cgi
208.83.72.218,80,/axis-cgi/jpg/image.cgi
208.86.36.154,80,/SnapshotJPEG?Resolution
209.105.184.104,80,NULL
216.255.120.24,80,/axis-cgi/jpg/image.cgi
216.255.49.249,80,/axis-cgi/jpg/image.cgi
216.37.255.15,80,/axis-cgi/jpg/image.cgi
216.47.138.231,80,/img/snapshot.cgi
24.104.138.100,80,NULL
24.123.188.36,80,NULL
24.159.162.5,80,/axis-cgi/jpg/image.cgi
24.159.162.7,80,/axis-cgi/jpg/image.cgi
63.142.130.2,80,/axis-cgi/jpg/image.cgi
63.198.242.120,80,NULL
64.50.180.138,80,NULL
64.57.178.85,80,/axis-cgi/jpg/image.cgi
66.184.211.231,80,/axis-cgi/jpg/image.cgi
66.209.252.250,9000,NULL
66.248.128.7,80,/axis-cgi/jpg/image.cgi
66.76.70.70,80,/axis-cgi/jpg/image.cgi
67.58.125.209,8083,/axis-cgi/jpg/image.cgi
69.2.220.133,80,NULL
70.167.229.2,80,NULL
71.189.93.242,85,/axis-cgi/jpg/image.cgi
71.204.243.221,80,/axis-cgi/jpg/image.cgi
71.244.101.102,5191,NULL
72.55.9.132,80,NULL
74.208.29.236,80,NULL
75.151.36.105,4445,/axis-cgi/jpg/image.cgi
96.36.99.26,8181,/axis-cgi/jpg/image.cgi
98.101.11.138,80,/image.jpg
98.101.223.10,8080,NULL
98.115.44.140,60009,/SnapshotJPEG?Resolution
98.139.135.125,80,NULL
198.214.229.105,80,/axis-cgi/jpg/image.cgi
130.157.32.16,80,/axis-cgi/jpg/image.cgi
108.162.196.106,80,NULL
72.236.138.36,80,/axis-cgi/jpg/image.cgi
147.31.116.63,80,/axis-cgi/jpg/image.cgi
152.19.49.102,80,/SnapshotJPEG?Resolution
75.36.129.115,80,/axis-cgi/jpg/image.cgi
66.60.246.181,80,/axis-cgi/jpg/image.cgi
72.240.51.210,80,/axis-cgi/jpg/image.cgi
76.190.159.187,8081,/axis-cgi/jpg/image.cgi
96.11.115.118,80,/axis-cgi/jpg/image.cgi
129.210.84.139,80,/axis-cgi/jpg/image.cgi
76.1.184.170,6082,/axis-cgi/jpg/image.cgi
68.167.242.226,80,/axis-cgi/jpg/image.cgi
192.150.115.32,80,/axis-cgi/jpg/image.cgi
155.247.78.78,80,/axis-cgi/jpg/image.cgi
208.53.87.199,80,/axis-cgi/jpg/image.cgi
140.228.200.205,80,/axis-cgi/jpg/image.cgi
66.64.180.22,80,/SnapshotJPEG?Resolution
209.134.116.240,80,NULL
130.212.12.79,80,NULL
131.238.32.128,80,/image.jpg
138.23.101.75,80,/axis-cgi/jpg/image.cgi
64.71.27.165,80,NULL
192.147.249.51,80,/axis-cgi/jpg/image.cgi
128.174.15.233,80,/axis-cgi/jpg/image.cgi
128.153.6.47,80,/axis-cgi/jpg/image.cgi
198.17.32.162,80,/axis-cgi/jpg/image.cgi
128.153.193.37,80,/axis-cgi/jpg/image.cgi
208.68.71.254,80,/axis-cgi/jpg/image.cgi
216.198.113.51,80,/axis-cgi/jpg/image.cgi
206.180.80.17,80,/axis-cgi/jpg/image.cgi
216.145.227.141,80,/axis-cgi/jpg/image.cgi
140.192.31.226,80,/axis-cgi/jpg/image.cgi
128.125.127.27,80,/SnapshotJPEG?Resolution
207.250.90.73,80,/axis-cgi/jpg/image.cgi
128.125.166.250,80,/axis-cgi/jpg/image.cgi
208.78.132.152,80,/axis-cgi/jpg/image.cgi
192.154.46.101,80,/axis-cgi/jpg/image.cgi
207.250.88.254,80,/axis-cgi/jpg/image.cgi
140.254.233.36,80,NULL
216.125.166.10,80,/image.jpg
207.250.90.5,80,NULL
128.153.6.42,80,/axis-cgi/jpg/image.cgi
128.153.6.49,80,/axis-cgi/jpg/image.cgi
66.240.93.183,80,/axis-cgi/jpg/image.cgi
64.60.41.62,80,/image.jpg
198.189.53.47,80,/axis-cgi/jpg/image.cgi
208.75.249.164,80,NULL
208.73.9.173,80,/img/snapshot.cgi
216.146.168.245,80,/image
208.73.49.12,80,/SnapshotJPEG?Resolution
144.80.32.204,80,/axis-cgi/jpg/image.cgi
128.174.7.151,80,/axis-cgi/jpg/image.cgi
140.254.28.67,80,/axis-cgi/jpg/image.cgi
208.100.33.172,80,/cgi/jpg/image.cgi
129.120.140.132,80,NULL
64.60.250.223,80,/SnapshotJPEG?Resolution
192.154.46.43,80,/axis-cgi/jpg/image.cgi
198.101.54.143,80,/axis-cgi/jpg/image.cgi
208.68.126.42,80,/axis-cgi/jpg/image.cgi
199.8.27.24,80,/axis-cgi/jpg/image.cgi
208.103.50.39,80,/image.jpg
128.174.42.125,80,/axis-cgi/jpg/image.cgi
208.95.196.136,80,/SnapshotJPEG?Resolution
208.103.1.56,80,/image.jpg
69.64.220.28,80,/axis-cgi/jpg/image.cgi
69.94.254.53,80,/SnapshotJPEG?Resolution
199.8.71.141,80,/SnapshotJPEG?Resolution
199.8.71.145,80,/SnapshotJPEG?Resolution
206.123.240.14,80,/axis-cgi/jpg/image.cgi
69.49.208.105,80,NULL
131.247.214.119,80,NULL
208.94.41.238,80,/image.jpg
216.198.113.52,80,/axis-cgi/jpg/image.cgi
207.30.43.66,80,/axis-cgi/jpg/image.cgi
140.192.31.227,80,/axis-cgi/jpg/image.cgi
146.163.145.112,80,/axis-cgi/jpg/image.cgi
208.91.98.68,80,/image.jpg
144.80.32.137,80,/axis-cgi/jpg/image.cgi
144.80.32.112,80,/axis-cgi/jpg/image.cgi
128.151.100.145,80,/image.jpg
209.184.119.47,80,/axis-cgi/jpg/image.cgi
207.54.170.126,80,/axis-cgi/jpg/image.cgi
74.46.65.129,80,NULL
192.154.46.59,80,/axis-cgi/jpg/image.cgi
216.120.224.141,80,/img/snapshot.cgi
67.207.112.11,80,NULL
216.146.174.179,80,/image
207.30.43.65,80,/axis-cgi/jpg/image.cgi
138.23.101.87,80,/image
192.154.46.58,80,/axis-cgi/jpg/image.cgi
128.174.7.150,80,/axis-cgi/jpg/image.cgi
216.146.174.176,80,/image
74.52.220.12,80,/cgi-bin/encoder?SNAPSHOT
208.80.73.62,80,/image.jpg
138.23.101.88,80,/image
131.247.97.144,80,/axis-cgi/jpg/image.cgi
128.125.69.144,80,/axis-cgi/jpg/image.cgi
64.69.144.102,80,/axis-cgi/jpg/image.cgi
129.118.6.94,80,/image.jpg
140.192.31.224,80,/axis-cgi/jpg/image.cgi
128.125.33.77,80,/SnapshotJPEG?Resolution
131.247.13.231,80,/image.jpg
199.8.71.135,80,/SnapshotJPEG?Resolution
129.119.81.8,80,/axis-cgi/jpg/image.cgi
69.88.165.40,80,/axis-cgi/jpg/image.cgi
192.154.46.19,80,/axis-cgi/jpg/image.cgi
206.176.239.117,80,/image.jpg
140.192.109.217,80,/axis-cgi/jpg/image.cgi
129.118.1.124,80,/axis-cgi/jpg/image.cgi
206.176.248.200,80,/axis-cgi/jpg/image.cgi
155.247.171.5,80,NULL
206.123.255.179,80,/image.jpg
199.73.113.140,80,/img/snapshot.cgi
199.8.27.23,80,/axis-cgi/jpg/image.cgi
129.118.18.56,80,/now.jpg
146.186.189.239,80,/axis-cgi/jpg/image.cgi
130.191.227.248,80,/axis-cgi/jpg/image.cgi
208.86.36.158,80,/SnapshotJPEG?Resolution
208.86.36.155,80,/SnapshotJPEG?Resolution
208.86.36.151,80,/SnapshotJPEG?Resolution
192.154.46.60,80,/axis-cgi/jpg/image.cgi
74.52.220.8,80,/cgi/jpg/image.cgi
64.68.48.128,80,NULL
144.80.32.138,80,/axis-cgi/jpg/image.cgi
192.154.46.22,80,/axis-cgi/jpg/image.cgi
216.146.174.181,80,/image
209.252.243.125,80,/img/snapshot.cgi
128.122.151.188,80,/axis-cgi/jpg/image.cgi
67.205.210.38,80,/image
129.118.16.1,80,/image.jpg
131.94.82.24,80,/SnapshotJPEG?Resolution
128.125.4.138,80,/SnapshotJPEG?Resolution
207.30.63.82,80,/axis-cgi/jpg/image.cgi
69.91.77.121,80,/img/snapshot.cgi
199.79.254.219,80,/axis-cgi/jpg/image.cgi
216.146.168.246,80,/image
69.89.252.30,80,/axis-cgi/jpg/image.cgi
130.17.142.102,80,/img/snapshot.cgi
208.86.36.152,80,/SnapshotJPEG?Resolution
146.186.221.253,80,/axis-cgi/jpg/image.cgi
146.186.99.179,80,/axis-cgi/jpg/image.cgi
138.23.53.53,80,/axis-cgi/jpg/image.cgi
198.17.40.29,80,/axis-cgi/jpg/image.cgi
128.174.110.4,80,/axis-cgi/jpg/image.cgi
208.86.38.180,80,/SnapshotJPEG?Resolution
128.153.6.45,80,/axis-cgi/jpg/image.cgi
144.80.254.138,80,/axis-cgi/jpg/image.cgi
199.91.236.46,80,/axis-cgi/jpg/image.cgi
216.198.113.50,80,/axis-cgi/jpg/image.cgi
206.180.80.16,80,/axis-cgi/jpg/image.cgi
138.23.101.74,80,/axis-cgi/jpg/image.cgi
128.151.229.247,80,NULL
208.43.247.167,80,NULL
144.80.32.136,80,/axis-cgi/jpg/image.cgi
69.2.218.105,80,/axis-cgi/jpg/image.cgi
128.153.6.44,80,/axis-cgi/jpg/image.cgi
208.100.33.174,80,/cgi/jpg/image.cgi
140.192.244.118,80,/axis-cgi/jpg/image.cgi
69.89.164.20,80,/axis-cgi/jpg/image.cgi
208.75.249.166,80,NULL
216.146.174.180,80,/image
209.118.209.73,80,/axis-cgi/jpg/image.cgi
64.68.36.28,80,NULL
66.49.71.254,80,NULL
128.122.47.119,80,/image.jpg
209.118.209.69,80,/axis-cgi/jpg/image.cgi
128.153.6.54,80,/axis-cgi/jpg/image.cgi
129.137.3.61,80,/axis-cgi/jpg/image.cgi
192.112.102.32,80,/axis-cgi/jpg/image.cgi
209.118.209.70,80,/axis-cgi/jpg/image.cgi
198.136.39.115,80,/axis-cgi/jpg/image.cgi
146.186.41.254,80,/axis-cgi/jpg/image.cgi
208.93.61.237,80,/image.jpg
140.254.233.37,80,/axis-cgi/jpg/image.cgi
69.2.220.131,80,/axis-cgi/jpg/image.cgi
140.192.31.225,80,/axis-cgi/jpg/image.cgi
108.162.48.14,80,NULL
108.218.202.4,80,/cgi/jpg/image.cgi
108.232.81.174,80,NULL
108.238.212.35,80,NULL
108.69.253.243,80,NULL
108.9.80.39,80,/record/current.jpg
216.231.178.10,80,NULL
12.176.153.211,80,/axis-cgi/jpg/image.cgi
128.118.18.114,80,NULL
128.118.52.239,80,/axis-cgi/jpg/image.cgi
128.151.54.230,80,NULL
128.253.30.11,80,NULL
129.171.166.15,80,/axis-cgi/jpg/image.cgi
129.171.176.150,80,/axis-cgi/jpg/image.cgi
129.22.128.83,80,/axis-cgi/jpg/image.cgi
129.252.161.187,80,/axis-cgi/jpg/image.cgi
129.252.89.84,80,/image.jpg
129.65.126.17,80,/axis-cgi/jpg/image.cgi
129.65.126.18,80,/axis-cgi/jpg/image.cgi
129.65.126.19,80,/axis-cgi/jpg/image.cgi
129.65.126.20,80,/axis-cgi/jpg/image.cgi
129.65.141.148,80,/axis-cgi/jpg/image.cgi
129.79.60.133,80,/axis-cgi/jpg/image.cgi
131.123.154.3,80,/axis-cgi/jpg/image.cgi
131.193.79.125,80,NULL
131.247.176.62,80,NULL
131.247.176.63,80,NULL
129.65.131.216,80,/axis-cgi/jpg/image.cgi
136.183.196.146,80,/axis-cgi/jpg/image.cgi
137.110.165.19,80,/axis-cgi/jpg/image.cgi
137.110.165.21,80,/axis-cgi/jpg/image.cgi
137.110.165.29,80,/axis-cgi/jpg/image.cgi
137.140.64.225,80,/axis-cgi/jpg/image.cgi
137.141.16.100,80,NULL
137.238.0.68,80,/axis-cgi/jpg/image.cgi
138.23.241.12,8052,/axis-cgi/jpg/image.cgi
138.23.53.49,80,NULL
141.238.49.9,80,/axis-cgi/jpg/image.cgi
144.80.160.56,80,NULL
146.139.72.62,80,/axis-cgi/jpg/image.cgi
146.139.72.63,80,/axis-cgi/jpg/image.cgi
146.139.72.65,80,/axis-cgi/jpg/image.cgi
146.139.72.66,80,/axis-cgi/jpg/image.cgi
146.139.72.67,80,/axis-cgi/jpg/image.cgi
146.139.72.70,80,/axis-cgi/jpg/image.cgi
146.139.72.72,80,/axis-cgi/jpg/image.cgi
146.139.72.75,80,/axis-cgi/jpg/image.cgi
146.139.72.76,80,/axis-cgi/jpg/image.cgi
147.4.73.99,80,/axis-cgi/jpg/image.cgi
149.166.151.12,80,/axis-cgi/jpg/image.cgi
149.166.81.8,80,/axis-cgi/jpg/image.cgi
149.43.156.109,80,/axis-cgi/jpg/image.cgi
149.43.156.190,80,/axis-cgi/jpg/image.cgi
149.84.160.211,80,/axis-cgi/jpg/image.cgi
149.84.160.250,80,/axis-cgi/jpg/image.cgi
149.84.169.219,80,/axis-cgi/jpg/image.cgi
152.10.10.29,80,/axis-cgi/jpg/image.cgi
152.1.131.176,80,/axis-cgi/jpg/image.cgi
152.1.131.177,80,/axis-cgi/jpg/image.cgi
152.1.131.180,80,/axis-cgi/jpg/image.cgi
152.21.17.97,80,/axis-cgi/jpg/image.cgi
152.2.182.19,80,NULL
152.2.182.39,80,NULL
152.2.182.43,80,NULL
152.2.182.48,80,NULL
152.2.182.54,80,NULL
152.30.169.249,80,/axis-cgi/jpg/image.cgi
152.30.169.250,80,/axis-cgi/jpg/image.cgi
161.13.1.35,80,/axis-cgi/jpg/image.cgi
164.54.143.11,80,NULL
164.54.143.14,80,NULL
164.54.208.89,80,NULL
169.139.222.42,80,/axis-cgi/jpg/image.cgi
169.232.102.7,80,/axis-cgi/jpg/image.cgi
169.237.31.81,80,/axis-cgi/jpg/image.cgi
173.11.239.250,80,NULL
173.12.69.54,86,/record/current.jpg
173.14.71.58,80,NULL
173.162.12.249,80,NULL
173.162.13.106,80,NULL
173.164.181.35,80,NULL
173.165.152.130,80,/axis-cgi/jpg/image.cgi
173.165.152.131,80,/axis-cgi/jpg/image.cgi
173.167.157.229,80,NULL
173.175.219.134,80,NULL
173.196.179.29,80,NULL
173.200.182.109,80,NULL
173.210.43.58,80,NULL
173.219.38.4,80,/axis-cgi/jpg/image.cgi
173.247.191.106,240,/now.jpg
173.247.191.106,241,/now.jpg
173.247.191.106,242,/now.jpg
173.8.226.241,80,/axis-cgi/jpg/image.cgi
173.8.66.26,80,NULL
184.1.54.17,6109,/axis-cgi/jpg/image.cgi
184.176.42.210,80,NULL
192.203.224.2,8080,/axis-cgi/jpg/image.cgi
198.129.64.250,80,NULL
198.214.229.110,80,/axis-cgi/jpg/image.cgi
198.92.97.174,80,/axis-cgi/jpg/image.cgi
199.107.195.15,80,NULL
199.20.14.235,80,NULL
199.26.10.5,80,NULL
204.14.12.157,80,NULL
205.157.152.226,80,/axis-cgi/jpg/image.cgi
205.157.152.238,80,/axis-cgi/jpg/image.cgi
207.67.84.156,80,NULL
208.105.17.62,80,NULL
208.125.161.182,7110,/axis-cgi/jpg/image.cgi
208.44.56.22,80,NULL
208.44.56.23,80,NULL
208.44.56.24,80,NULL
208.44.56.26,80,NULL
208.44.56.28,80,NULL
208.44.56.29,80,NULL
208.44.56.30,80,NULL
208.44.56.33,80,NULL
208.44.56.34,80,NULL
208.44.56.35,80,NULL
208.67.143.22,80,NULL
208.70.122.105,80,NULL
208.81.240.42,80,NULL
209.221.217.7,80,/axis-cgi/jpg/image.cgi
209.34.116.115,80,NULL
209.43.6.42,80,NULL
209.43.6.58,80,NULL
209.68.96.238,80,NULL
129.65.116.53,80,/axis-cgi/jpg/image.cgi
216.105.151.206,8080,NULL
216.16.160.25,44158,/axis-cgi/jpg/image.cgi
216.171.190.135,80,NULL
216.171.190.136,80,NULL
216.201.28.231,80,/axis-cgi/jpg/image.cgi
216.231.183.149,80,NULL
216.49.101.243,80,NULL
216.99.116.145,80,/axis-cgi/jpg/image.cgi
24.155.150.53,80,NULL
24.172.104.53,80,/axis-cgi/jpg/image.cgi
24.172.40.246,80,NULL
24.173.219.74,80,NULL
24.173.25.136,80,NULL
24.199.240.19,80,/axis-cgi/jpg/image.cgi
24.209.227.59,80,NULL
24.227.51.155,80,/axis-cgi/jpg/image.cgi
24.39.115.158,80,NULL
24.7.199.1,80,NULL
24.73.219.222,80,/axis-cgi/jpg/image.cgi
63.134.154.94,80,NULL
63.134.158.40,80,NULL
63.134.172.4,80,NULL
63.134.172.5,80,NULL
63.142.125.110,80,NULL
64.118.101.86,9001,/axis-cgi/jpg/image.cgi
64.18.33.230,80,NULL
64.196.49.50,80,/axis-cgi/jpg/image.cgi
64.19.75.229,80,/axis-cgi/jpg/image.cgi
64.244.9.49,80,NULL
64.56.103.6,8080,NULL
64.8.64.22,80,NULL
64.8.64.23,80,NULL
64.88.193.245,82,/axis-cgi/jpg/image.cgi
65.216.18.180,80,/SnapshotJPEG?Resolution
65.23.8.164,80,NULL
66.124.44.147,80,NULL
66.159.223.211,80,NULL
66.226.195.139,80,NULL
66.232.166.26,80,NULL
66.42.142.202,8080,NULL
66.43.122.14,80,NULL
66.94.163.150,80,NULL
67.181.87.150,80,NULL
67.198.28.204,80,/SnapshotJPEG?Resolution
67.216.255.119,80,NULL
67.53.117.174,80,NULL
67.79.131.252,80,NULL
68.189.172.19,80,NULL
69.106.128.181,80,/cgi/jpg/image.cgi
69.137.9.206,8080,NULL
69.198.183.90,80,NULL
69.68.89.222,1010,/axis-cgi/jpg/image.cgi
70.155.177.184,80,/axis-cgi/jpg/image.cgi
70.61.45.247,80,NULL
70.89.157.170,8081,/axis-cgi/jpg/image.cgi
70.90.17.220,80,NULL
70.91.205.26,80,NULL
70.91.205.27,80,NULL
70.91.205.28,80,NULL
70.91.205.29,80,NULL
71.202.245.157,80,NULL
71.239.35.44,80,NULL
72.16.233.54,80,/axis-cgi/jpg/image.cgi
72.16.233.55,80,/axis-cgi/jpg/image.cgi
72.16.233.56,80,NULL
72.17.198.234,80,NULL
72.23.31.131,80,NULL
72.240.51.211,80,/axis-cgi/jpg/image.cgi
72.240.51.213,80,/axis-cgi/jpg/image.cgi
72.45.243.42,81,/axis-cgi/jpg/image.cgi
72.48.229.3,8887,/axis-cgi/jpg/image.cgi
72.48.229.4,80,/axis-cgi/jpg/image.cgi
72.48.231.10,80,/axis-cgi/jpg/image.cgi
72.48.231.13,80,/axis-cgi/jpg/image.cgi
72.48.231.50,80,/axis-cgi/jpg/image.cgi
74.164.25.34,80,/axis-cgi/jpg/image.cgi
74.92.190.158,80,NULL
74.92.201.146,80,/axis-cgi/jpg/image.cgi
74.93.171.66,80,/axis-cgi/jpg/image.cgi
74.94.98.234,80,NULL
75.109.214.40,80,NULL
75.149.177.241,80,/axis-cgi/jpg/image.cgi
75.149.177.243,80,/axis-cgi/jpg/image.cgi
75.150.167.113,80,NULL
75.151.40.42,80,/axis-cgi/jpg/image.cgi
75.151.40.44,80,/axis-cgi/jpg/image.cgi
75.76.82.14,80,/axis-cgi/jpg/image.cgi
76.108.158.253,8080,NULL
76.7.93.65,80,NULL
76.87.5.4,80,NULL
96.27.252.148,80,/axis-cgi/jpg/image.cgi
97.64.145.7,80,/axis-cgi/jpg/image.cgi
98.173.21.132,3001,/SnapshotJPEG?Resolution
98.189.188.232,80,NULL
98.235.174.112,80,NULL
98.236.222.168,80,NULL
99.132.154.146,80,NULL
99.140.77.246,80,NULL
99.26.123.110,80,NULL
99.97.43.187,80,NULL
146.139.72.60,80,/axis-cgi/jpg/image.cgi
71.43.55.34,60001,/SnapshotJPEG?Resolution
70.20.252.42,80,/axis-cgi/jpg/image.cgi
129.21.172.172,80,/axis-cgi/jpg/image.cgi
129.21.172.171,80,/axis-cgi/jpg/image.cgi
67.32.131.142,80,/axis-cgi/jpg/image.cgi
174.63.144.114,8000,NULL
184.178.19.99,80,/axis-cgi/jpg/image.cgi
71.244.101.102,45099,/axis-cgi/jpg/image.cgi
76.1.184.170,6081,/axis-cgi/jpg/image.cgi
69.254.116.178,50000,/SnapshotJPEG?Resolution
75.22.72.129,50000,NULL
75.22.72.129,51000,NULL
75.22.72.129,53000,NULL
76.190.159.187,8082,/axis-cgi/jpg/image.cgi
216.46.76.82,80,/axis-cgi/jpg/image.cgi
128.46.160.220,80,/axis-cgi/jpg/image.cgi
173.164.179.225,88,/SnapshotJPEG?Resolution
173.175.73.125,11001,/axis-cgi/jpg/image.cgi
173.58.156.130,80,/SnapshotJPEG?Resolution
71.200.200.43,60002,/SnapshotJPEG?Resolution
24.213.218.138,80,NULL
184.74.101.162,8081,/axis-cgi/jpg/image.cgi
71.103.174.140,81,/SnapshotJPEG?Resolution
144.80.80.13,80,/axis-cgi/jpg/image.cgi
96.57.11.42,80,/axis-cgi/jpg/image.cgi
98.82.24.155,50000,/SnapshotJPEG?Resolution
72.52.116.28,80,/axis-cgi/jpg/image.cgi
50.102.225.245,80,NULL
192.147.12.250,80,/axis-cgi/jpg/image.cgi
71.202.166.67,8081,NULL
75.108.79.40,50000,/SnapshotJPEG?Resolution
128.2.132.109,80,NULL
74.70.88.181,80,/SnapshotJPEG?Resolution
157.62.60.175,80,/axis-cgi/jpg/image.cgi
97.68.180.134,80,/axis-cgi/jpg/image.cgi
68.111.124.50,8082,/axis-cgi/jpg/image.cgi
169.229.156.203,80,/axis-cgi/jpg/image.cgi
129.21.154.80,80,/axis-cgi/jpg/image.cgi
71.224.158.141,50001,/SnapshotJPEG?Resolution
71.224.158.141,50000,/SnapshotJPEG?Resolution
174.96.214.126,81,/SnapshotJPEG?Resolution
67.210.124.70,80,NULL
24.249.194.70,80,NULL
50.83.19.161,8080,/axis-cgi/jpg/image.cgi
69.181.32.96,80,NULL
72.177.194.33,80,/axis-cgi/jpg/image.cgi
67.191.89.63,1028,/SnapshotJPEG?Resolution
97.64.145.6,80,/axis-cgi/jpg/image.cgi
66.169.225.169,5003,/SnapshotJPEG?Resolution
24.45.82.167,5000,NULL
24.45.82.167,5001,NULL
137.151.190.130,80,/axis-cgi/jpg/image.cgi
137.151.141.113,80,/axis-cgi/jpg/image.cgi
67.231.54.234,80,NULL
66.162.87.11,80,/axis-cgi/jpg/image.cgi
157.242.44.61,80,/axis-cgi/jpg/image.cgi
74.88.222.223,82,/SnapshotJPEG?Resolution
66.83.225.194,1121,NULL
129.107.67.5,80,/SnapshotJPEG?Resolution
98.238.63.190,8080,/axis-cgi/jpg/image.cgi
65.19.129.10,80,NULL
108.38.71.213,5000,/SnapshotJPEG?Resolution
71.101.232.201,80,NULL
71.193.42.191,80,/axis-cgi/jpg/image.cgi
96.56.93.114,2222,/axis-cgi/jpg/image.cgi
198.202.125.140,80,/axis-cgi/jpg/image.cgi
192.185.105.4,80,NULL
96.247.180.7,50000,/SnapshotJPEG?Resolution
50.192.26.107,19910,/axis-cgi/jpg/image.cgi
65.51.214.35,80,/axis-cgi/jpg/image.cgi
207.155.249.125,80,NULL
184.39.25.70,8000,NULL
98.230.9.118,50000,/SnapshotJPEG?Resolution
98.197.78.113,9000,/axis-cgi/jpg/image.cgi
173.164.168.246,80,/SnapshotJPEG?Resolution
50.128.147.125,8080,/now.jpg
50.140.65.213,50000,/SnapshotJPEG?Resolution
129.137.5.205,80,/axis-cgi/jpg/image.cgi
129.137.5.206,80,/axis-cgi/jpg/image.cgi
171.67.81.239,80,/axis-cgi/jpg/image.cgi
216.49.101.242,80,NULL
208.125.122.78,50000,/SnapshotJPEG?Resolution
108.237.12.55,85,/SnapshotJPEG?Resolution
173.15.40.9,2070,/SnapshotJPEG?Resolution
71.61.4.40,9000,NULL
99.8.142.241,5000,/SnapshotJPEG?Resolution
207.98.216.100,2306,/axis-cgi/jpg/image.cgi
207.98.216.100,2309,/axis-cgi/jpg/image.cgi
67.249.78.81,5000,/SnapshotJPEG?Resolution
69.5.20.121,80,NULL
74.71.142.64,9003,/SnapshotJPEG?Resolution
129.21.154.67,80,/axis-cgi/jpg/image.cgi
24.229.220.159,12393,/SnapshotJPEG?Resolution
24.229.220.159,12394,/SnapshotJPEG?Resolution
24.229.220.159,12395,/SnapshotJPEG?Resolution
24.229.220.159,12396,/SnapshotJPEG?Resolution
24.229.220.159,12397,/SnapshotJPEG?Resolution
24.229.220.159,12400,/SnapshotJPEG?Resolution
150.160.7.30,80,/axis-cgi/jpg/image.cgi
150.160.7.33,80,/axis-cgi/jpg/image.cgi
150.160.111.30,80,/axis-cgi/jpg/image.cgi
66.244.113.2,80,/axis-cgi/jpg/image.cgi
129.21.236.7,80,NULL
143.226.67.91,80,/axis-cgi/jpg/image.cgi
163.11.75.21,80,/axis-cgi/jpg/image.cgi
96.249.39.25,80,/axis-cgi/jpg/image.cgi
137.159.180.77,80,NULL
129.3.1.90,80,NULL
163.11.75.24,80,/axis-cgi/jpg/image.cgi
199.20.14.240,80,/axis-cgi/jpg/image.cgi
71.164.191.87,80,/axis-cgi/jpg/image.cgi
50.76.244.73,80,/axis-cgi/jpg/image.cgi
50.124.143.90,8010,/axis-cgi/jpg/image.cgi
67.141.206.85,80,/axis-cgi/jpg/image.cgi?&dummy=1353958019008
98.102.110.114,81,/axis-cgi/jpg/image.cgi
172.28.208.8,80,/2/image.jpg
108.0.241.50,81,/axis-cgi/jpg/image.cgi
108.0.241.50,83,NULL
108.0.241.50,85,/axis-cgi/jpg/image.cgi
108.249.92.159,80,/SnapshotJPEG?Resolution
108.73.175.101,8007,/axis-cgi/jpg/image.cgi
108.73.175.101,8009,/axis-cgi/jpg/image.cgi
108.73.175.101,8010,/axis-cgi/jpg/image.cgi
12.111.83.14,8183,/SnapshotJPEG?Resolution
12.16.241.212,80,/SnapshotJPEG?Resolution
12.16.241.212,8080,/SnapshotJPEG?Resolution
12.184.110.78,8186,/SnapshotJPEG?Resolution
12.43.112.241,80,/record/current.jpg
12.52.91.101,80,/axis-cgi/jpg/image.cgi
128.118.149.98,80,/axis-cgi/jpg/image.cgi
128.125.59.52,80,/SnapshotJPEG?Resolution
128.151.213.230,80,NULL
128.174.122.42,80,NULL
128.186.64.84,80,/axis-cgi/jpg/image.cgi
128.194.172.9,80,/axis-cgi/jpg/image.cgi
128.194.59.235,80,/axis-cgi/jpg/image.cgi
128.2.53.186,80,/axis-cgi/jpg/image.cgi
128.205.54.65,80,/axis-cgi/jpg/image.cgi
128.210.133.201,80,/axis-cgi/jpg/image.cgi
128.210.180.179,80,/axis-cgi/jpg/image.cgi
128.227.212.32,80,/axis-cgi/jpg/image.cgi
128.230.5.49,80,/axis-cgi/jpg/image.cgi
128.91.223.74,80,/SnapshotJPEG?Resolution
128.97.43.214,80,/axis-cgi/jpg/image.cgi
129.116.85.182,80,/axis-cgi/jpg/image.cgi
129.171.166.230,80,/axis-cgi/jpg/image.cgi
129.171.33.49,80,/axis-cgi/jpg/image.cgi
129.21.166.45,80,NULL
129.21.166.46,80,NULL
129.21.27.204,80,/axis-cgi/jpg/image.cgi
129.22.128.85,80,/axis-cgi/jpg/image.cgi
129.252.89.30,80,NULL
129.65.176.6,80,/axis-cgi/jpg/image.cgi
129.65.37.4,80,/axis-cgi/jpg/image.cgi
129.65.42.91,80,/axis-cgi/jpg/image.cgi
129.7.228.30,80,/axis-cgi/jpg/image.cgi
129.7.48.166,80,/axis-cgi/jpg/image.cgi
130.182.52.20,80,NULL
130.49.240.237,80,NULL
131.156.107.87,80,/axis-cgi/jpg/image.cgi
131.156.70.35,80,/axis-cgi/jpg/image.cgi
131.247.8.60,80,/axis-cgi/jpg/image.cgi
131.247.8.66,80,/axis-cgi/jpg/image.cgi
131.91.96.252,8080,/axis-cgi/jpg/image.cgi
132.239.223.195,80,/axis-cgi/jpg/image.cgi
136.142.166.244,80,NULL
136.183.194.24,80,/axis-cgi/jpg/image.cgi
136.223.17.230,80,/axis-cgi/jpg/image.cgi
137.110.112.53,80,/axis-cgi/jpg/image.cgi
137.110.137.50,80,NULL
137.110.165.51,80,/axis-cgi/jpg/image.cgi
137.112.33.178,80,/SnapshotJPEG?Resolution
137.159.36.77,80,NULL
138.23.53.52,80,NULL
138.237.46.71,80,/axis-cgi/jpg/image.cgi
138.237.46.72,80,/axis-cgi/jpg/image.cgi
139.127.254.40,80,NULL
140.192.109.189,80,/axis-cgi/jpg/image.cgi
140.192.244.123,80,/axis-cgi/jpg/image.cgi
140.192.244.124,80,/axis-cgi/jpg/image.cgi
140.192.244.125,80,/axis-cgi/jpg/image.cgi
142.105.225.149,80,/axis-cgi/jpg/image.cgi
143.226.67.93,80,/axis-cgi/jpg/image.cgi
143.67.114.4,80,/axis-cgi/jpg/image.cgi
143.67.163.5,80,/axis-cgi/jpg/image.cgi
144.142.232.76,80,NULL
144.80.32.51,80,/axis-cgi/jpg/image.cgi
144.91.97.79,80,/axis-cgi/jpg/image.cgi
146.139.72.77,80,/axis-cgi/jpg/image.cgi
146.139.72.79,80,/axis-cgi/jpg/image.cgi
146.163.145.62,80,/axis-cgi/jpg/image.cgi
147.126.1.6,80,/axis-cgi/jpg/image.cgi
148.84.57.11,80,/axis-cgi/jpg/image.cgi
149.106.62.122,80,/axis-cgi/jpg/image.cgi
149.159.112.246,80,/axis-cgi/jpg/image.cgi
149.165.236.111,80,/axis-cgi/jpg/image.cgi
149.165.236.112,80,/axis-cgi/jpg/image.cgi
149.165.236.114,80,/axis-cgi/jpg/image.cgi
149.43.156.106,80,/axis-cgi/jpg/image.cgi
149.43.156.108,80,/axis-cgi/jpg/image.cgi
149.76.12.4,80,/axis-cgi/jpg/image.cgi
152.14.22.253,80,/axis-cgi/jpg/image.cgi
152.14.48.66,80,/axis-cgi/jpg/image.cgi
152.3.32.5,80,/axis-cgi/jpg/image.cgi
152.33.35.54,80,/axis-cgi/jpg/image.cgi
155.247.106.15,80,/axis-cgi/jpg/image.cgi
156.56.9.164,80,/axis-cgi/jpg/image.cgi
159.178.22.28,80,/axis-cgi/jpg/image.cgi
159.218.60.31,80,/axis-cgi/jpg/image.cgi
160.39.101.194,80,/axis-cgi/jpg/image.cgi
160.39.97.178,80,/axis-cgi/jpg/image.cgi
169.237.31.82,80,/axis-cgi/jpg/image.cgi
173.10.230.13,81,NULL
173.12.124.120,80,/axis-cgi/jpg/image.cgi
173.12.50.165,80,/axis-cgi/jpg/image.cgi
173.12.69.54,81,/record/current.jpg
173.12.69.54,82,/record/current.jpg
173.12.69.54,83,/record/current.jpg
173.162.116.238,80,NULL
173.163.40.33,54546,NULL
173.163.40.33,54548,NULL
173.164.239.206,80,/axis-cgi/jpg/image.cgi
173.165.159.41,8086,/record/current.jpg
173.17.101.142,6109,/axis-cgi/jpg/image.cgi
173.185.98.141,8080,NULL
173.19.162.41,6009,/axis-cgi/jpg/image.cgi
173.19.163.156,6109,/axis-cgi/jpg/image.cgi
173.203.85.226,80,NULL
173.22.77.39,80,/axis-cgi/jpg/image.cgi
173.220.18.186,8040,NULL
173.221.241.197,80,/axis-cgi/jpg/image.cgi
173.247.252.198,80,NULL
173.60.88.220,8080,/axis-cgi/jpg/image.cgi
173.8.132.58,80,NULL
173.8.132.58,80,NULL
184.171.227.54,84,NULL
184.39.139.199,80,/axis-cgi/jpg/image.cgi
184.8.250.197,50005,/SnapshotJPEG?Resolution
192.146.191.77,80,/axis-cgi/jpg/image.cgi
192.153.31.251,80,/axis-cgi/jpg/image.cgi
192.185.5.29,80,NULL
192.185.79.88,80,NULL
192.189.3.112,80,/axis-cgi/jpg/image.cgi
192.189.3.116,80,/axis-cgi/jpg/image.cgi
192.189.3.118,80,/axis-cgi/jpg/image.cgi
192.189.3.97,80,/axis-cgi/jpg/image.cgi
192.203.224.2,100,/axis-cgi/jpg/image.cgi
192.208.239.230,80,NULL
198.129.105.84,8098,NULL
198.188.13.110,80,/axis-cgi/jpg/image.cgi
198.199.140.49,80,/SnapshotJPEG?Resolution
199.102.116.23,80,/SnapshotJPEG?Resolution
199.34.228.100,80,NULL
199.36.177.234,80,NULL
204.117.196.50,65309,NULL
204.215.38.82,80,/axis-cgi/jpg/image.cgi
204.68.81.61,80,/axis-cgi/jpg/image.cgi
204.68.81.62,80,/axis-cgi/jpg/image.cgi
204.68.81.63,80,/axis-cgi/jpg/image.cgi
204.68.81.64,80,/axis-cgi/jpg/image.cgi
204.68.81.65,80,/axis-cgi/jpg/image.cgi
204.68.81.66,80,/axis-cgi/jpg/image.cgi
205.155.65.48,80,/axis-cgi/jpg/image.cgi
205.157.152.230,80,/axis-cgi/jpg/image.cgi
205.178.145.103,80,NULL
205.178.152.157,80,NULL
205.178.152.45,80,NULL
205.196.177.180,80,/axis-cgi/jpg/image.cgi
205.196.177.181,80,/axis-cgi/jpg/image.cgi
205.196.177.182,80,/axis-cgi/jpg/image.cgi
206.140.121.226,80,/axis-cgi/jpg/image.cgi
206.211.137.8,80,/SnapshotJPEG?Resolution
206.225.101.226,80,/axis-cgi/jpg/image.cgi
206.225.101.227,80,/axis-cgi/jpg/image.cgi
206.74.123.20,80,/axis-cgi/jpg/image.cgi
206.76.137.144,80,/axis-cgi/jpg/image.cgi
207.178.234.150,81,/axis-cgi/jpg/image.cgi
207.178.234.150,84,/axis-cgi/jpg/image.cgi
207.245.119.24,80,/axis-cgi/jpg/image.cgi
207.31.37.39,80,/SnapshotJPEG?Resolution
207.47.118.234,8000,NULL
207.67.84.157,80,NULL
207.67.84.158,80,NULL
207.71.241.113,80,/axis-cgi/jpg/image.cgi
207.98.216.100,2302,/axis-cgi/jpg/image.cgi
208.105.238.149,8001,NULL
208.125.101.74,5080,NULL
208.125.161.182,7111,/axis-cgi/jpg/image.cgi
208.180.169.87,80,/record/current.jpg
208.251.114.169,80,NULL
208.65.20.211,80,/axis-cgi/jpg/image.cgi
208.65.20.237,80,/axis-cgi/jpg/image.cgi
208.74.177.178,8081,/axis-cgi/jpg/image.cgi
208.78.189.11,80,/record/current.jpg
208.79.93.210,80,/SnapshotJPEG?Resolution
209.172.109.142,9500,/axis-cgi/jpg/image.cgi
209.242.172.131,200,/axis-cgi/jpg/image.cgi
209.248.173.92,80,/SnapshotJPEG?Resolution
209.33.181.227,80,/record/current.jpg
216.136.6.84,80,/axis-cgi/jpg/image.cgi
216.138.41.57,80,NULL
216.199.194.134,82,/record/current.jpg
216.199.212.162,80,/axis-cgi/jpg/image.cgi
216.199.212.170,80,/axis-cgi/jpg/image.cgi
216.199.92.66,80,/axis-cgi/jpg/image.cgi
216.215.184.2,80,/axis-cgi/jpg/image.cgi
216.226.126.146,80,/SnapshotJPEG?Resolution
216.226.97.36,80,/axis-cgi/jpg/image.cgi
216.27.167.66,82,NULL
216.31.235.74,80,/axis-cgi/jpg/image.cgi
216.62.222.100,80,/axis-cgi/jpg/image.cgi
216.62.222.101,80,/axis-cgi/jpg/image.cgi
216.62.222.97,80,/axis-cgi/jpg/image.cgi
216.87.186.17,80,NULL
216.99.115.55,80,/axis-cgi/jpg/image.cgi
24.105.226.184,5001,/SnapshotJPEG?Resolution
24.105.226.86,7001,/SnapshotJPEG?Resolution
24.148.121.105,7001,/SnapshotJPEG?Resolution
24.15.102.182,81,/axis-cgi/jpg/image.cgi
24.172.229.37,80,NULL
24.177.25.30,80,/axis-cgi/jpg/image.cgi
24.180.26.214,50000,/SnapshotJPEG?Resolution
24.180.26.214,51000,/SnapshotJPEG?Resolution
24.199.180.138,80,/axis-cgi/jpg/image.cgi
24.199.181.234,80,/axis-cgi/jpg/image.cgi
24.199.196.137,80,/SnapshotJPEG?Resolution
24.227.115.174,8000,NULL
24.227.127.158,80,NULL
24.227.54.162,8002,NULL
24.229.220.159,12401,/SnapshotJPEG?Resolution
24.248.52.234,80,/axis-cgi/jpg/image.cgi
24.39.139.182,4080,/axis-cgi/jpg/image.cgi
24.39.200.66,8001,/axis-cgi/jpg/image.cgi
24.39.200.66,8002,/axis-cgi/jpg/image.cgi
24.39.200.66,8003,/axis-cgi/jpg/image.cgi
24.39.200.66,8004,/axis-cgi/jpg/image.cgi
24.39.200.66,8005,/axis-cgi/jpg/image.cgi
24.39.200.66,8006,/axis-cgi/jpg/image.cgi
24.39.200.66,8008,/axis-cgi/jpg/image.cgi
24.39.200.66,8009,/axis-cgi/jpg/image.cgi
24.39.200.66,8010,/axis-cgi/jpg/image.cgi
24.39.200.66,8011,/axis-cgi/jpg/image.cgi
24.39.200.66,8012,/axis-cgi/jpg/image.cgi
24.39.200.66,8013,/axis-cgi/jpg/image.cgi
24.39.200.66,8015,/axis-cgi/jpg/image.cgi
24.39.200.66,8016,/axis-cgi/jpg/image.cgi
24.39.200.66,8017,/axis-cgi/jpg/image.cgi
24.39.88.218,80,NULL
24.43.81.166,81,NULL
24.48.143.162,80,NULL
24.48.143.164,80,NULL
24.5.140.48,18080,NULL
24.73.175.142,8081,NULL
24.97.25.202,8882,/SnapshotJPEG?Resolution
50.103.237.239,80,/axis-cgi/jpg/image.cgi
50.131.241.41,8000,/SnapshotJPEG?Resolution
50.197.185.21,80,/axis-cgi/jpg/image.cgi
50.23.201.243,80,NULL
50.42.35.86,80,NULL
50.79.36.69,8333,/axis-cgi/jpg/image.cgi
50.79.36.69,8334,/axis-cgi/jpg/image.cgi
50.81.159.169,6109,/axis-cgi/jpg/image.cgi
50.81.42.61,60003,/SnapshotJPEG?Resolution
50.83.92.65,84,NULL
50.88.204.231,50000,/SnapshotJPEG?Resolution
63.139.201.188,80,/record/current.jpg
63.139.27.218,8086,/axis-cgi/jpg/image.cgi
63.243.21.114,80,/axis-cgi/jpg/image.cgi
63.250.253.12,80,/axis-cgi/jpg/image.cgi
64.107.8.160,80,/SnapshotJPEG?Resolution
64.132.204.46,80,NULL
64.183.11.30,80,NULL
64.185.150.180,9010,/axis-cgi/jpg/image.cgi
64.194.64.83,80,NULL
64.203.236.169,81,/record/current.jpg
64.203.236.169,84,/record/current.jpg
64.203.238.95,80,/axis-cgi/jpg/image.cgi
64.40.221.14,80,NULL
64.45.234.36,40016,/record/current.jpg
64.5.44.170,80,NULL
64.57.178.86,80,/axis-cgi/jpg/image.cgi
64.65.207.128,80,/axis-cgi/jpg/image.cgi
65.113.219.177,80,/axis-cgi/jpg/image.cgi
65.113.219.179,80,/axis-cgi/jpg/image.cgi
65.34.28.66,80,NULL
65.41.26.8,8000,/axis-cgi/jpg/image.cgi
66.112.21.21,80,NULL
66.114.6.25,80,NULL
66.171.8.13,6023,/SnapshotJPEG?Resolution
66.171.8.13,6024,/SnapshotJPEG?Resolution
66.171.8.13,6032,/SnapshotJPEG?Resolution
66.180.102.33,8865,/axis-cgi/jpg/image.cgi
66.193.7.116,80,NULL
66.206.115.137,80,/SnapshotJPEG?Resolution
66.208.201.209,8085,/record/current.jpg
66.208.203.133,8083,/record/current.jpg
66.208.203.189,8088,/axis-cgi/jpg/image.cgi
66.216.161.65,80,NULL
66.64.209.98,80,/record/current.jpg
66.66.231.13,8081,/axis-cgi/jpg/image.cgi
66.66.27.252,8081,NULL
66.83.199.206,80,/axis-cgi/jpg/image.cgi
66.83.225.194,1122,/SnapshotJPEG?Resolution
66.83.225.194,1123,/SnapshotJPEG?Resolution
67.203.185.136,1500,/axis-cgi/jpg/image.cgi
67.208.36.233,80,NULL
67.23.214.82,80,/SnapshotJPEG?Resolution
67.246.111.39,9003,/SnapshotJPEG?Resolution
67.247.79.188,80,/SnapshotJPEG?Resolution
67.255.97.29,3001,/SnapshotJPEG?Resolution
67.255.97.29,50001,/SnapshotJPEG?Resolution
67.78.213.100,80,NULL
67.78.248.102,80,NULL
68.115.199.210,80,/record/current.jpg
68.115.253.194,1026,/record/current.jpg
68.172.214.226,5152,/SnapshotJPEG?Resolution
68.172.214.226,5153,/SnapshotJPEG?Resolution
68.172.214.226,5154,/SnapshotJPEG?Resolution
68.193.198.145,18080,NULL
68.213.208.250,3000,/axis-cgi/jpg/image.cgi
68.224.171.35,80,NULL
68.58.227.145,80,/axis-cgi/jpg/image.cgi
68.70.3.183,51000,/SnapshotJPEG?Resolution
68.8.178.138,443,/SnapshotJPEG?Resolution
69.106.12.181,80,NULL
69.106.12.187,80,NULL
69.127.67.57,82,/SnapshotJPEG?Resolution
69.128.96.210,8001,/SnapshotJPEG?Resolution
69.128.96.210,8002,/SnapshotJPEG?Resolution
69.15.201.209,85,NULL
69.181.163.12,8080,/axis-cgi/jpg/image.cgi
69.181.163.12,8081,/axis-cgi/jpg/image.cgi
69.215.52.46,80,/SnapshotJPEG?Resolution
69.49.101.51,80,NULL
69.49.96.16,80,NULL
69.55.78.18,80,/axis-cgi/jpg/image.cgi
69.6.98.250,80,NULL
69.89.172.75,80,NULL
70.46.124.138,80,/axis-cgi/jpg/image.cgi
70.46.124.139,80,/axis-cgi/jpg/image.cgi
70.46.124.140,80,/axis-cgi/jpg/image.cgi
70.46.124.142,80,/axis-cgi/jpg/image.cgi
70.60.251.67,80,/axis-cgi/jpg/image.cgi
70.60.251.68,80,/axis-cgi/jpg/image.cgi
70.60.251.69,80,/axis-cgi/jpg/image.cgi
70.60.251.70,80,/axis-cgi/jpg/image.cgi
70.60.251.73,80,/axis-cgi/jpg/image.cgi
70.60.251.74,80,/axis-cgi/jpg/image.cgi
70.60.251.75,80,/axis-cgi/jpg/image.cgi
70.60.251.76,80,/axis-cgi/jpg/image.cgi
70.60.251.78,80,/axis-cgi/jpg/image.cgi
70.60.251.79,80,/axis-cgi/jpg/image.cgi
70.60.251.80,80,/axis-cgi/jpg/image.cgi
70.60.251.81,80,/axis-cgi/jpg/image.cgi
70.60.251.82,80,/axis-cgi/jpg/image.cgi
70.60.251.83,80,/axis-cgi/jpg/image.cgi
70.60.251.84,80,/axis-cgi/jpg/image.cgi
70.60.251.85,80,/axis-cgi/jpg/image.cgi
70.60.251.86,80,/axis-cgi/jpg/image.cgi
70.60.251.87,80,/axis-cgi/jpg/image.cgi
70.60.251.88,80,/axis-cgi/jpg/image.cgi
70.60.251.89,80,/axis-cgi/jpg/image.cgi
70.60.251.90,80,/axis-cgi/jpg/image.cgi
70.60.51.164,10192,/axis-cgi/jpg/image.cgi
70.60.51.164,10197,/axis-cgi/jpg/image.cgi
70.61.192.9,80,/axis-cgi/jpg/image.cgi
70.61.208.236,80,NULL
70.61.214.74,81,NULL
70.88.55.122,10001,/record/current.jpg
70.88.55.122,10002,/record/current.jpg
70.88.63.138,80,NULL
70.90.0.57,801,/SnapshotJPEG?Resolution
71.102.254.46,7001,/axis-cgi/jpg/image.cgi
71.103.177.27,81,/SnapshotJPEG?Resolution
71.116.127.18,19328,/axis-cgi/jpg/image.cgi
71.137.156.249,8080,/SnapshotJPEG?Resolution
71.137.156.249,8090,/SnapshotJPEG?Resolution
71.15.106.165,80,NULL
71.164.146.125,80,/axis-cgi/jpg/image.cgi
71.180.171.96,1600,/record/current.jpg
71.200.200.43,60001,/SnapshotJPEG?Resolution
71.244.100.80,5191,NULL
71.40.167.187,80,NULL
71.43.10.26,80,/axis-cgi/jpg/image.cgi
71.43.235.82,82,/axis-cgi/jpg/image.cgi
71.43.67.186,5002,/SnapshotJPEG?Resolution
71.61.0.106,9000,NULL
71.68.67.141,80,/axis-cgi/jpg/image.cgi
71.77.41.212,80,/axis-cgi/jpg/image.cgi
71.84.199.103,65003,/record/current.jpg
71.9.9.105,80,/SnapshotJPEG?Resolution
72.17.163.242,80,/axis-cgi/jpg/image.cgi
72.18.232.138,80,NULL
72.18.232.141,80,/axis-cgi/jpg/image.cgi
72.18.56.130,1455,/SnapshotJPEG?Resolution
72.185.212.142,80,/axis-cgi/jpg/image.cgi
72.214.4.100,80,NULL
72.215.137.17,8091,/axis-cgi/jpg/image.cgi
72.242.0.180,80,NULL
72.26.44.96,8100,NULL
72.28.62.232,3000,/SnapshotJPEG?Resolution
72.28.62.232,50001,/SnapshotJPEG?Resolution
72.28.62.232,50002,/SnapshotJPEG?Resolution
72.28.62.232,50003,/SnapshotJPEG?Resolution
72.28.62.232,50004,/SnapshotJPEG?Resolution
72.28.62.232,50006,/SnapshotJPEG?Resolution
72.28.62.232,60001,/SnapshotJPEG?Resolution
72.45.197.22,80,NULL
72.45.34.25,8084,/record/current.jpg
72.54.25.146,8080,/axis-cgi/jpg/image.cgi
72.54.60.177,80,NULL
72.67.3.132,2001,NULL
72.91.84.123,4000,/SnapshotJPEG?Resolution
74.100.65.142,22,/SnapshotJPEG?Resolution
74.101.248.2,80,/SnapshotJPEG?Resolution
74.101.248.6,80,/SnapshotJPEG?Resolution
74.125.192.141,80,/axis-cgi/jpg/image.cgi
74.142.49.38,8000,/axis-cgi/jpg/image.cgi
74.2.235.98,81,/axis-cgi/jpg/image.cgi
74.208.144.176,80,NULL
74.208.22.176,80,NULL
74.208.237.251,80,/axis-cgi/jpg/image.cgi
74.212.142.178,80,/SnapshotJPEG?Resolution
74.235.131.150,8000,NULL
74.238.54.36,8090,/axis-cgi/jpg/image.cgi
74.36.209.219,50000,/SnapshotJPEG?Resolution
74.36.209.219,50001,/SnapshotJPEG?Resolution
74.53.195.98,8080,NULL
74.62.17.53,80,NULL
74.62.193.106,1111,NULL
74.7.105.87,80,/axis-cgi/jpg/image.cgi
74.76.132.24,8080,/axis-cgi/jpg/image.cgi
74.93.171.150,50001,/SnapshotJPEG?Resolution
74.95.172.68,8100,/axis-cgi/jpg/image.cgi
74.95.255.21,80,/axis-cgi/jpg/image.cgi
74.98.23.237,50000,/SnapshotJPEG?Resolution
75.109.188.3,2023,/SnapshotJPEG?Resolution
75.145.180.158,6004,NULL
75.147.125.253,80,/SnapshotJPEG?Resolution
75.151.224.1,80,NULL
75.151.65.13,80,/SnapshotJPEG?Resolution
75.36.138.116,80,/axis-cgi/jpg/image.cgi
75.88.191.45,80,/axis-cgi/jpg/image.cgi
76.190.131.221,8081,/axis-cgi/jpg/image.cgi
76.190.131.221,8082,/axis-cgi/jpg/image.cgi
76.21.118.95,8080,/axis-cgi/jpg/image.cgi
8.26.112.22,80,NULL
8.26.246.117,8001,/axis-cgi/jpg/image.cgi
8.5.1.16,80,NULL
96.10.1.168,80,/axis-cgi/jpg/image.cgi
96.10.119.76,80,/axis-cgi/jpg/image.cgi
96.226.220.227,8001,/SnapshotJPEG?Resolution
96.251.72.77,50050,/SnapshotJPEG?Resolution
96.252.141.182,5000,/SnapshotJPEG?Resolution
96.27.252.152,80,/axis-cgi/jpg/image.cgi
96.27.252.154,80,/axis-cgi/jpg/image.cgi
96.37.72.219,80,/axis-cgi/jpg/image.cgi
97.79.15.119,49200,/record/current.jpg
98.100.73.110,1025,/axis-cgi/jpg/image.cgi
98.101.223.10,8051,/SnapshotJPEG?Resolution
98.101.223.10,8073,NULL
98.101.223.10,8213,NULL
98.101.223.10,8251,/SnapshotJPEG?Resolution
98.101.223.10,8252,/SnapshotJPEG?Resolution
98.102.130.126,81,NULL
98.102.130.126,82,NULL
98.136.187.13,80,NULL
98.138.19.143,80,NULL
98.139.135.198,80,NULL
98.173.25.186,92,NULL
98.210.130.201,80,/axis-cgi/jpg/image.cgi
98.238.252.97,80,/axis-cgi/jpg/image.cgi
99.116.242.5,1955,/SnapshotJPEG?Resolution
99.139.49.207,80,NULL
99.90.61.128,80,/axis-cgi/jpg/image.cgi
207.251.86.238,80,/cctv10.jpg
207.251.86.238,80,/cctv106.jpg
207.251.86.238,80,/cctv11.jpg
207.251.86.238,80,/cctv112.jpg
207.251.86.238,80,/cctv114.jpg
207.251.86.238,80,/cctv115.jpg
207.251.86.238,80,/cctv116.jpg
207.251.86.238,80,/cctv12.jpg
207.251.86.238,80,/cctv120.jpg
207.251.86.238,80,/cctv122.jpg
207.251.86.238,80,/cctv127.jpg
207.251.86.238,80,/cctv128.jpg
207.251.86.238,80,/cctv129.jpg
207.251.86.238,80,/cctv130.jpg
207.251.86.238,80,/cctv134.jpg
207.251.86.238,80,/cctv14.jpg
207.251.86.238,80,/cctv143.jpg
207.251.86.238,80,/cctv145.jpg
207.251.86.238,80,/cctv148.jpg
207.251.86.238,80,/cctv15.jpg
207.251.86.238,80,/cctv159.jpg
207.251.86.238,80,/cctv16.jpg
207.251.86.238,80,/cctv162.jpg
207.251.86.238,80,/cctv163.jpg
207.251.86.238,80,/cctv166.jpg
207.251.86.238,80,/cctv171.jpg
207.251.86.238,80,/cctv172.jpg
207.251.86.238,80,/cctv173.jpg
207.251.86.238,80,/cctv178.jpg
207.251.86.238,80,/cctv18.jpg
207.251.86.238,80,/cctv181.jpg
207.251.86.238,80,/cctv185.jpg
207.251.86.238,80,/cctv19.jpg
207.251.86.238,80,/cctv191.jpg
207.251.86.238,80,/cctv194.jpg
207.251.86.238,80,/cctv2.jpg
207.251.86.238,80,/cctv201.jpg
207.251.86.238,80,/cctv202.jpg
207.251.86.238,80,/cctv22.jpg
207.251.86.238,80,/cctv223.jpg
207.251.86.238,80,/cctv25.jpg
207.251.86.238,80,/cctv254.jpg
207.251.86.238,80,/cctv26.jpg
207.251.86.238,80,/cctv261.jpg
207.251.86.238,80,/cctv263.jpg
207.251.86.238,80,/cctv27.jpg
207.251.86.238,80,/cctv281.jpg
207.251.86.238,80,/cctv290.jpg
207.251.86.238,80,/cctv294.jpg
207.251.86.238,80,/cctv296.jpg
207.251.86.238,80,/cctv297.jpg
207.251.86.238,80,/cctv299.jpg
207.251.86.238,80,/cctv3.jpg
207.251.86.238,80,/cctv303.jpg
207.251.86.238,80,/cctv304.jpg
207.251.86.238,80,/cctv305.jpg
207.251.86.238,80,/cctv309.jpg
207.251.86.238,80,/cctv314.jpg
207.251.86.238,80,/cctv315.jpg
207.251.86.238,80,/cctv316.jpg
207.251.86.238,80,/cctv317.jpg
207.251.86.238,80,/cctv320.jpg
207.251.86.238,80,/cctv321.jpg
207.251.86.238,80,/cctv322.jpg
207.251.86.238,80,/cctv323.jpg
207.251.86.238,80,/cctv327.jpg
207.251.86.238,80,/cctv328.jpg
207.251.86.238,80,/cctv329.jpg
207.251.86.238,80,/cctv330.jpg
207.251.86.238,80,/cctv338.jpg
207.251.86.238,80,/cctv339.jpg
207.251.86.238,80,/cctv340.jpg
207.251.86.238,80,/cctv341.jpg
207.251.86.238,80,/cctv349.jpg
207.251.86.238,80,/cctv350.jpg
207.251.86.238,80,/cctv351.jpg
207.251.86.238,80,/cctv352.jpg
207.251.86.238,80,/cctv353.jpg
207.251.86.238,80,/cctv355.jpg
207.251.86.238,80,/cctv357.jpg
207.251.86.238,80,/cctv359.jpg
207.251.86.238,80,/cctv361.jpg
207.251.86.238,80,/cctv369.jpg
207.251.86.238,80,/cctv371.jpg
207.251.86.238,80,/cctv373.jpg
207.251.86.238,80,/cctv374.jpg
207.251.86.238,80,/cctv375.jpg
207.251.86.238,80,/cctv376.jpg
207.251.86.238,80,/cctv378.jpg
207.251.86.238,80,/cctv382.jpg
207.251.86.238,80,/cctv383.jpg
207.251.86.238,80,/cctv384.jpg
207.251.86.238,80,/cctv385.jpg
207.251.86.238,80,/cctv386.jpg
207.251.86.238,80,/cctv387.jpg
207.251.86.238,80,/cctv388.jpg
207.251.86.238,80,/cctv389.jpg
207.251.86.238,80,/cctv390.jpg
207.251.86.238,80,/cctv391.jpg
207.251.86.238,80,/cctv392.jpg
207.251.86.238,80,/cctv394.jpg
207.251.86.238,80,/cctv395.jpg
207.251.86.238,80,/cctv396.jpg
207.251.86.238,80,/cctv397.jpg
207.251.86.238,80,/cctv398.jpg
207.251.86.238,80,/cctv399.jpg
207.251.86.238,80,/cctv400.jpg
207.251.86.238,80,/cctv401.jpg
207.251.86.238,80,/cctv402.jpg
207.251.86.238,80,/cctv403.jpg
207.251.86.238,80,/cctv404.jpg
207.251.86.238,80,/cctv406.jpg
207.251.86.238,80,/cctv407.jpg
207.251.86.238,80,/cctv408.jpg
207.251.86.238,80,/cctv412.jpg
207.251.86.238,80,/cctv413.jpg
207.251.86.238,80,/cctv415.jpg
207.251.86.238,80,/cctv416.jpg
207.251.86.238,80,/cctv417.jpg
207.251.86.238,80,/cctv418.jpg
207.251.86.238,80,/cctv420.jpg
207.251.86.238,80,/cctv421.jpg
207.251.86.238,80,/cctv425.jpg
207.251.86.238,80,/cctv428.jpg
207.251.86.238,80,/cctv429.jpg
207.251.86.238,80,/cctv430.jpg
207.251.86.238,80,/cctv432.jpg
207.251.86.238,80,/cctv436.jpg
207.251.86.238,80,/cctv438.jpg
207.251.86.238,80,/cctv439.jpg
207.251.86.238,80,/cctv440.jpg
207.251.86.238,80,/cctv441.jpg
207.251.86.238,80,/cctv443.jpg
207.251.86.238,80,/cctv444.jpg
207.251.86.238,80,/cctv445.jpg
207.251.86.238,80,/cctv446.jpg
207.251.86.238,80,/cctv447.jpg
207.251.86.238,80,/cctv448.jpg
207.251.86.238,80,/cctv450.jpg
207.251.86.238,80,/cctv453.jpg
207.251.86.238,80,/cctv455.jpg
207.251.86.238,80,/cctv457.jpg
207.251.86.238,80,/cctv458.jpg
207.251.86.238,80,/cctv459.jpg
207.251.86.238,80,/cctv464.jpg
207.251.86.238,80,/cctv466.jpg
207.251.86.238,80,/cctv467.jpg
207.251.86.238,80,/cctv468.jpg
207.251.86.238,80,/cctv469.jpg
207.251.86.238,80,/cctv470.jpg
207.251.86.238,80,/cctv471.jpg
207.251.86.238,80,/cctv472.jpg
207.251.86.238,80,/cctv473.jpg
207.251.86.238,80,/cctv474.jpg
207.251.86.238,80,/cctv475.jpg
207.251.86.238,80,/cctv476.jpg
207.251.86.238,80,/cctv484.jpg
207.251.86.238,80,/cctv485.jpg
207.251.86.238,80,/cctv486.jpg
207.251.86.238,80,/cctv488.jpg
207.251.86.238,80,/cctv492.jpg
207.251.86.238,80,/cctv495.jpg
207.251.86.238,80,/cctv5.jpg
207.251.86.238,80,/cctv50.jpg
207.251.86.238,80,/cctv500.jpg
207.251.86.238,80,/cctv501.jpg
207.251.86.238,80,/cctv511.jpg
207.251.86.238,80,/cctv517.jpg
207.251.86.238,80,/cctv519.jpg
207.251.86.238,80,/cctv521.jpg
207.251.86.238,80,/cctv523.jpg
207.251.86.238,80,/cctv524.jpg
207.251.86.238,80,/cctv525.jpg
207.251.86.238,80,/cctv528.jpg
207.251.86.238,80,/cctv529.jpg
207.251.86.238,80,/cctv530.jpg
207.251.86.238,80,/cctv531.jpg
207.251.86.238,80,/cctv532.jpg
207.251.86.238,80,/cctv533.jpg
207.251.86.238,80,/cctv535.jpg
207.251.86.238,80,/cctv536.jpg
207.251.86.238,80,/cctv537.jpg
207.251.86.238,80,/cctv538.jpg
207.251.86.238,80,/cctv539.jpg
207.251.86.238,80,/cctv54.jpg
207.251.86.238,80,/cctv543.jpg
207.251.86.238,80,/cctv544.jpg
207.251.86.238,80,/cctv545.jpg
207.251.86.238,80,/cctv546.jpg
207.251.86.238,80,/cctv547.jpg
207.251.86.238,80,/cctv548.jpg
207.251.86.238,80,/cctv581.jpg
207.251.86.238,80,/cctv582.jpg
207.251.86.238,80,/cctv583.jpg
207.251.86.238,80,/cctv584.jpg
207.251.86.238,80,/cctv585.jpg
207.251.86.238,80,/cctv587.jpg
207.251.86.238,80,/cctv588.jpg
207.251.86.238,80,/cctv589.jpg
207.251.86.238,80,/cctv590.jpg
207.251.86.238,80,/cctv591.jpg
207.251.86.238,80,/cctv592.jpg
207.251.86.238,80,/cctv593.jpg
207.251.86.238,80,/cctv594.jpg
207.251.86.238,80,/cctv596.jpg
207.251.86.238,80,/cctv600.jpg
207.251.86.238,80,/cctv601.jpg
207.251.86.238,80,/cctv602.jpg
207.251.86.238,80,/cctv64.jpg
207.251.86.238,80,/cctv640.jpg
207.251.86.238,80,/cctv641.jpg
207.251.86.238,80,/cctv642.jpg
207.251.86.238,80,/cctv644.jpg
207.251.86.238,80,/cctv648.jpg
207.251.86.238,80,/cctv649.jpg
207.251.86.238,80,/cctv65.jpg
207.251.86.238,80,/cctv651.jpg
207.251.86.238,80,/cctv653.jpg
207.251.86.238,80,/cctv654.jpg
207.251.86.238,80,/cctv656.jpg
207.251.86.238,80,/cctv657.jpg
207.251.86.238,80,/cctv658.jpg
207.251.86.238,80,/cctv659.jpg
207.251.86.238,80,/cctv660.jpg
207.251.86.238,80,/cctv665.jpg
207.251.86.238,80,/cctv666.jpg
207.251.86.238,80,/cctv667.jpg
207.251.86.238,80,/cctv669.jpg
207.251.86.238,80,/cctv671.jpg
207.251.86.238,80,/cctv673.jpg
207.251.86.238,80,/cctv674.jpg
207.251.86.238,80,/cctv675.jpg
207.251.86.238,80,/cctv676.jpg
207.251.86.238,80,/cctv677.jpg
207.251.86.238,80,/cctv678.jpg
207.251.86.238,80,/cctv679.jpg
207.251.86.238,80,/cctv680.jpg
207.251.86.238,80,/cctv681.jpg
207.251.86.238,80,/cctv682.jpg
207.251.86.238,80,/cctv683.jpg
207.251.86.238,80,/cctv684.jpg
207.251.86.238,80,/cctv685.jpg
207.251.86.238,80,/cctv687.jpg
207.251.86.238,80,/cctv689.jpg
207.251.86.238,80,/cctv691.jpg
207.251.86.238,80,/cctv692.jpg
207.251.86.238,80,/cctv693.jpg
207.251.86.238,80,/cctv694.jpg
207.251.86.238,80,/cctv695.jpg
207.251.86.238,80,/cctv697.jpg
207.251.86.238,80,/cctv698.jpg
207.251.86.238,80,/cctv699.jpg
207.251.86.238,80,/cctv7.jpg
207.251.86.238,80,/cctv702.jpg
207.251.86.238,80,/cctv703.jpg
207.251.86.238,80,/cctv705.jpg
207.251.86.238,80,/cctv706.jpg
207.251.86.238,80,/cctv707.jpg
207.251.86.238,80,/cctv708.jpg
207.251.86.238,80,/cctv711.jpg
207.251.86.238,80,/cctv712.jpg
207.251.86.238,80,/cctv714.jpg
207.251.86.238,80,/cctv717.jpg
207.251.86.238,80,/cctv718.jpg
207.251.86.238,80,/cctv719.jpg
207.251.86.238,80,/cctv720.jpg
207.251.86.238,80,/cctv722.jpg
207.251.86.238,80,/cctv723.jpg
207.251.86.238,80,/cctv724.jpg
207.251.86.238,80,/cctv725.jpg
207.251.86.238,80,/cctv727.jpg
207.251.86.238,80,/cctv728.jpg
207.251.86.238,80,/cctv732.jpg
207.251.86.238,80,/cctv733.jpg
207.251.86.238,80,/cctv735.jpg
207.251.86.238,80,/cctv736.jpg
207.251.86.238,80,/cctv739.jpg
207.251.86.238,80,/cctv740.jpg
207.251.86.238,80,/cctv741.jpg
207.251.86.238,80,/cctv742.jpg
207.251.86.238,80,/cctv743.jpg
207.251.86.238,80,/cctv744.jpg
207.251.86.238,80,/cctv746.jpg
207.251.86.238,80,/cctv747.jpg
207.251.86.238,80,/cctv749.jpg
207.251.86.238,80,/cctv750.jpg
207.251.86.238,80,/cctv751.jpg
207.251.86.238,80,/cctv752.jpg
207.251.86.238,80,/cctv753.jpg
207.251.86.238,80,/cctv754.jpg
207.251.86.238,80,/cctv755.jpg
207.251.86.238,80,/cctv756.jpg
207.251.86.238,80,/cctv757.jpg
207.251.86.238,80,/cctv760.jpg
207.251.86.238,80,/cctv762.jpg
207.251.86.238,80,/cctv763.jpg
207.251.86.238,80,/cctv764.jpg
207.251.86.238,80,/cctv765.jpg
207.251.86.238,80,/cctv766.jpg
207.251.86.238,80,/cctv767.jpg
207.251.86.238,80,/cctv768.jpg
207.251.86.238,80,/cctv769.jpg
207.251.86.238,80,/cctv773.jpg
207.251.86.238,80,/cctv774.jpg
207.251.86.238,80,/cctv775.jpg
207.251.86.238,80,/cctv779.jpg
207.251.86.238,80,/cctv780.jpg
207.251.86.238,80,/cctv785.jpg
207.251.86.238,80,/cctv786.jpg
207.251.86.238,80,/cctv787.jpg
207.251.86.238,80,/cctv789.jpg
207.251.86.238,80,/cctv790.jpg
207.251.86.238,80,/cctv791.jpg
207.251.86.238,80,/cctv793.jpg
207.251.86.238,80,/cctv794.jpg
207.251.86.238,80,/cctv795.jpg
207.251.86.238,80,/cctv796.jpg
207.251.86.238,80,/cctv797.jpg
207.251.86.238,80,/cctv798.jpg
207.251.86.238,80,/cctv8.jpg
207.251.86.238,80,/cctv800.jpg
207.251.86.238,80,/cctv802.jpg
207.251.86.238,80,/cctv803.jpg
207.251.86.238,80,/cctv804.jpg
207.251.86.238,80,/cctv810.jpg
207.251.86.238,80,/cctv811.jpg
207.251.86.238,80,/cctv813.jpg
207.251.86.238,80,/cctv814.jpg
207.251.86.238,80,/cctv816.jpg
207.251.86.238,80,/cctv819.jpg
207.251.86.238,80,/cctv820.jpg
207.251.86.238,80,/cctv821.jpg
207.251.86.238,80,/cctv822.jpg
207.251.86.238,80,/cctv824.jpg
207.251.86.238,80,/cctv825.jpg
207.251.86.238,80,/cctv827.jpg
207.251.86.238,80,/cctv828.jpg
207.251.86.238,80,/cctv9.jpg
207.251.86.238,80,/cctv90.jpg
207.251.86.238,80,/cctv92.jpg
207.251.86.238,80,/cctv95.jpg
207.251.86.238,80,/cctv98.jpg
172.28.201.8,80,/1/image.jpg
172.28.201.8,80,/2/image.jpg
172.28.202.8,80,/1/image.jpg
172.28.203.8,80,/1/image.jpg
172.28.203.8,80,/2/image.jpg
172.28.205.8,80,/1/image.jpg
172.28.205.8,80,/2/image.jpg
172.28.206.8,80,/1/image.jpg
172.28.206.8,80,/2/image.jpg
172.28.207.8,80,/1/image.jpg
172.28.207.8,80,/2/image.jpg
172.28.208.8,80,/1/image.jpg
172.28.209.8,80,/1/image.jpg
172.28.211.8,80,/1/image.jpg
172.28.211.8,80,/2/image.jpg
107.144.0.218,80,/mjpg/video.mjpg?COUNTER
107.144.23.202,80,/mjpg/video.mjpg?COUNTER
107.221.158.178,8090,/oneshotimage1?COUNTER
128.135.81.168,80,/mjpg/video.mjpg?COUNTER
129.116.75.3,80,/oneshotimage1?COUNTER
129.74.48.55,80,/mjpg/video.mjpg?COUNTER
131.156.224.214,80,/oneshotimage1?COUNTER
131.156.224.218,80,/mjpg/video.mjpg?COUNTER
131.193.91.50,80,/mjpg/video.mjpg?COUNTER
132.239.223.149,80,/mjpg/video.mjpg?COUNTER
136.245.4.48,80,/oneshotimage1?COUNTER
143.67.94.18,80,/mjpg/video.mjpg?COUNTER
146.6.147.102,80,/mjpg/video.mjpg?COUNTER
150.216.6.137,80,/oneshotimage1?COUNTER
152.3.74.14,80,/mjpg/video.mjpg?COUNTER
159.178.10.33,80,/oneshotimage1?COUNTER
159.178.10.34,80,/oneshotimage1?COUNTER
159.178.10.35,80,/oneshotimage1?COUNTER
166.139.18.42,80,/mjpg/video.mjpg?COUNTER
166.140.190.139,80,/mjpg/video.mjpg?COUNTER
166.140.9.139,80,/mjpg/video.mjpg?COUNTER
166.148.129.207,80,/mjpg/video.mjpg?COUNTER
166.159.23.226,80,/mjpg/video.mjpg?COUNTER
166.161.251.200,81,/oneshotimage1?COUNTER
166.161.251.201,81,/oneshotimage1?COUNTER
166.161.251.202,81,/oneshotimage1?COUNTER
166.161.251.203,81,/oneshotimage1?COUNTER
166.165.58.225,80,/mjpg/video.mjpg?COUNTER
166.165.58.227,80,/mjpg/video.mjpg?COUNTER
166.239.12.138,81,/mjpg/video.mjpg?COUNTER
166.241.180.138,80,/mjpg/video.mjpg?COUNTER
166.241.180.139,80,/mjpg/video.mjpg?COUNTER
166.248.25.223,80,/mjpg/video.mjpg?COUNTER
173.12.102.21,80,/mjpg/video.mjpg?COUNTER
173.162.82.46,80,/mjpg/video.mjpg?COUNTER
173.165.209.17,80,/mjpg/video.mjpg?COUNTER
173.166.108.66,80,/mjpg/video.mjpg?COUNTER
173.220.217.220,80,/mjpg/video.mjpg?COUNTER
173.251.20.139,80,/oneshotimage1?COUNTER
173.77.150.123,8090,/mjpg/video.mjpg?COUNTER
184.19.151.17,80,/mjpg/video.mjpg?COUNTER
192.174.2.120,80,/oneshotimage1?COUNTER
199.187.150.234,80,/oneshotimage1?COUNTER
199.20.14.237,80,/SnapshotJPEG?Resolution=640x480&amp;Quality=Clarity&amp;COUNTER
204.195.155.5,80,/mjpg/video.mjpg?COUNTER
206.74.128.197,80,/mjpg/video.mjpg?COUNTER
208.108.146.134,80,/mjpg/video.mjpg?COUNTER
216.201.185.69,80,/mjpg/video.mjpg?COUNTER
216.227.246.9,8083,/mjpg/video.mjpg?COUNTER
216.67.98.12,80,/mjpg/video.mjpg?COUNTER
216.99.115.136,8080,/mjpg/video.mjpg?COUNTER
216.99.117.46,8081,/mjpg/video.mjpg?COUNTER
24.106.213.158,80,/mjpg/video.mjpg?COUNTER
24.172.4.142,80,/mjpg/video.mjpg?COUNTER
24.172.60.21,80,/oneshotimage1?COUNTER
24.193.32.50,5001,/mjpg/video.mjpg?COUNTER
24.199.235.212,80,/mjpg/video.mjpg?COUNTER
24.248.209.124,8000,/oneshotimage1?COUNTER
24.97.20.74,8082,/SnapshotJPEG?Resolution=640x480&amp;Quality=Clarity&amp;COUNTER
24.97.81.210,81,/mjpg/video.mjpg?COUNTER
47.21.225.42,1024,/oneshotimage1?COUNTER
50.154.145.201,80,/mjpg/video.mjpg?COUNTER
50.196.166.205,8000,/mjpg/video.mjpg?COUNTER
50.246.66.222,8000,/mjpg/video.mjpg?COUNTER
50.252.187.218,80,/mjpg/video.mjpg?COUNTER
50.252.187.219,80,/mjpg/video.mjpg?COUNTER
50.252.207.186,80,/oneshotimage1?COUNTER
50.73.150.12,80,/mjpg/video.mjpg?COUNTER
50.77.35.46,80,/mjpg/video.mjpg?COUNTER
63.139.116.18,8082,/SnapshotJPEG?Resolution=640x480&amp;Quality=Clarity&amp;COUNTER
65.40.167.156,8001,/mjpg/video.mjpg?COUNTER
65.40.80.21,80,/mjpg/video.mjpg?COUNTER
66.194.176.223,80,/mjpg/video.mjpg?COUNTER
66.229.70.150,81,/mjpg/video.mjpg?COUNTER
66.249.99.74,80,/mjpg/video.mjpg?COUNTER
67.141.206.85,80,/mjpg/video.mjpg?COUNTER
67.53.48.2,80,/SnapshotJPEG?Resolution=640x480&amp;Quality=Clarity&amp;COUNTER
67.76.137.133,80,/mjpg/video.mjpg?COUNTER
68.181.140.38,80,/mjpg/video.mjpg?COUNTER
68.228.124.230,80,/mjpg/video.mjpg?COUNTER
68.98.200.221,80,/mjpg/video.mjpg?COUNTER
69.21.178.82,8080,/mjpg/video.mjpg?COUNTER
69.68.220.136,80,/mjpg/video.mjpg?COUNTER
70.46.164.254,80,/mjpg/video.mjpg?COUNTER
70.60.169.30,1024,/img/video.mjpeg?COUNTER
70.63.126.92,80,/mjpg/video.mjpg?COUNTER
71.41.85.58,80,/mjpg/video.mjpg?COUNTER
71.43.210.90,80,/SnapshotJPEG?Resolution=640x480&amp;Quality=Clarity&amp;COUNTER
71.43.246.196,80,/mjpg/video.mjpg?COUNTER
71.43.88.138,80,/mjpg/video.mjpg?COUNTER
71.94.40.186,80,/oneshotimage1?COUNTER
72.151.199.122,80,/mjpg/video.mjpg?COUNTER
72.184.74.98,80,/SnapshotJPEG?Resolution=640x480&amp;Quality=Clarity&amp;COUNTER
72.240.51.213,80,/mjpg/video.mjpg?COUNTER
72.240.51.216,82,/mjpg/video.mjpg?COUNTER
72.240.51.216,84,/mjpg/video.mjpg?COUNTER
72.240.51.216,85,/mjpg/video.mjpg?COUNTER
72.240.51.216,86,/mjpg/video.mjpg?COUNTER
72.45.34.209,80,/mjpg/video.mjpg?COUNTER
73.1.154.138,80,/SnapshotJPEG?Resolution=640x480&amp;Quality=Clarity&amp;COUNTER
73.212.199.229,80,/oneshotimage1?COUNTER
74.11.145.210,80,/mjpg/video.mjpg?COUNTER
74.126.47.88,80,/mjpg/video.mjpg?COUNTER
74.77.177.45,80,/SnapshotJPEG?Resolution=640x480&amp;Quality=Clarity&amp;COUNTER
75.136.225.158,80,/mjpg/video.mjpg?COUNTER
75.74.50.114,2080,/mjpg/video.mjpg?COUNTER
76.187.35.126,8081,/IMAGE.JPG?COUNTER
96.10.131.50,80,/mjpg/video.mjpg?COUNTER
96.56.68.210,1024,/oneshotimage1?COUNTER
97.76.161.227,80,/mjpg/video.mjpg?COUNTER
97.93.75.74,80,/SnapshotJPEG?Resolution=640x480&amp;Quality=Clarity&amp;COUNTER
98.102.110.114,81,/mjpg/video.mjpg?COUNTER
98.189.156.36,80,/mjpg/video.mjpg?COUNTER
98.189.158.57,80,/mjpg/video.mjpg?COUNTER
