ip,image_path
108.176.64.17,/axis-cgi/jpg/image.cgi
128.122.151.22,
128.122.151.227,
128.151.62.11,/image.jpg
128.153.6.43,/axis-cgi/jpg/image.cgi
128.253.181.41,/axis-cgi/jpg/image.cgi
149.43.156.105,/axis-cgi/jpg/image.cgi
168.170.186.230,
208.125.238.230,/axis-cgi/jpg/image.cgi
216.255.120.24,/axis-cgi/jpg/image.cgi
64.57.178.85,/axis-cgi/jpg/image.cgi
128.153.6.47,/axis-cgi/jpg/image.cgi
128.153.193.37,/axis-cgi/jpg/image.cgi
128.153.6.42,/axis-cgi/jpg/image.cgi
128.153.6.49,/axis-cgi/jpg/image.cgi
69.64.220.28,/axis-cgi/jpg/image.cgi
128.151.100.145,/image.jpg
74.46.65.129,
216.120.224.141,/img/snapshot.cgi
128.122.151.188,/axis-cgi/jpg/image.cgi
128.153.6.45,/axis-cgi/jpg/image.cgi
128.151.229.247,
128.153.6.44,/axis-cgi/jpg/image.cgi
128.122.47.119,/image.jpg
128.153.6.54,/axis-cgi/jpg/image.cgi
108.162.48.14,
128.151.54.230,
128.253.30.11,
136.183.196.146,/axis-cgi/jpg/image.cgi
137.140.64.225,/axis-cgi/jpg/image.cgi
137.141.16.100,
137.238.0.68,/axis-cgi/jpg/image.cgi
141.238.49.9,/axis-cgi/jpg/image.cgi
147.4.73.99,/axis-cgi/jpg/image.cgi
149.43.156.109,/axis-cgi/jpg/image.cgi
149.43.156.190,/axis-cgi/jpg/image.cgi
149.84.160.211,/axis-cgi/jpg/image.cgi
149.84.160.250,/axis-cgi/jpg/image.cgi
149.84.169.219,/axis-cgi/jpg/image.cgi
208.105.17.62,
208.125.161.182,/axis-cgi/jpg/image.cgi
209.68.96.238,
216.171.190.135,
216.171.190.136,
24.39.115.158,
64.19.75.229,/axis-cgi/jpg/image.cgi
64.8.64.22,
64.8.64.23,
66.43.122.14,
72.45.243.42,/axis-cgi/jpg/image.cgi
129.21.172.172,/axis-cgi/jpg/image.cgi
129.21.172.171,/axis-cgi/jpg/image.cgi
216.46.76.82,/axis-cgi/jpg/image.cgi
24.213.218.138,
184.74.101.162,/axis-cgi/jpg/image.cgi
96.57.11.42,/axis-cgi/jpg/image.cgi
192.147.12.250,/axis-cgi/jpg/image.cgi
74.70.88.181,/SnapshotJPEG?Resolution
129.21.154.80,/axis-cgi/jpg/image.cgi
24.45.82.167,
24.45.82.167,
74.88.222.223,/SnapshotJPEG?Resolution
96.56.93.114,/axis-cgi/jpg/image.cgi
65.51.214.35,/axis-cgi/jpg/image.cgi
208.125.122.78,/SnapshotJPEG?Resolution
67.249.78.81,/SnapshotJPEG?Resolution
74.71.142.64,/SnapshotJPEG?Resolution
129.21.154.67,/axis-cgi/jpg/image.cgi
150.160.7.30,/axis-cgi/jpg/image.cgi
150.160.7.33,/axis-cgi/jpg/image.cgi
150.160.111.30,/axis-cgi/jpg/image.cgi
129.21.236.7,
96.249.39.25,/axis-cgi/jpg/image.cgi
129.3.1.90,
172.28.208.8,/2/image.jpg
128.151.213.230,
128.205.54.65,/axis-cgi/jpg/image.cgi
128.230.5.49,/axis-cgi/jpg/image.cgi
129.21.166.45,
129.21.166.46,
129.21.27.204,/axis-cgi/jpg/image.cgi
136.183.194.24,/axis-cgi/jpg/image.cgi
136.223.17.230,/axis-cgi/jpg/image.cgi
139.127.254.40,
142.105.225.149,/axis-cgi/jpg/image.cgi
143.67.114.4,/axis-cgi/jpg/image.cgi
143.67.163.5,/axis-cgi/jpg/image.cgi
148.84.57.11,/axis-cgi/jpg/image.cgi
149.106.62.122,/axis-cgi/jpg/image.cgi
149.43.156.106,/axis-cgi/jpg/image.cgi
149.43.156.108,/axis-cgi/jpg/image.cgi
149.76.12.4,/axis-cgi/jpg/image.cgi
160.39.101.194,/axis-cgi/jpg/image.cgi
160.39.97.178,/axis-cgi/jpg/image.cgi
173.220.18.186,
184.8.250.197,/SnapshotJPEG?Resolution
199.102.116.23,/SnapshotJPEG?Resolution
208.105.238.149,
208.125.101.74,
208.125.161.182,/axis-cgi/jpg/image.cgi
216.226.126.146,/SnapshotJPEG?Resolution
216.226.97.36,/axis-cgi/jpg/image.cgi
24.105.226.184,/SnapshotJPEG?Resolution
24.105.226.86,/SnapshotJPEG?Resolution
24.148.121.105,/SnapshotJPEG?Resolution
24.39.139.182,/axis-cgi/jpg/image.cgi
24.39.200.66,/axis-cgi/jpg/image.cgi
24.39.200.66,/axis-cgi/jpg/image.cgi
24.39.200.66,/axis-cgi/jpg/image.cgi
24.39.200.66,/axis-cgi/jpg/image.cgi
24.39.200.66,/axis-cgi/jpg/image.cgi
24.39.200.66,/axis-cgi/jpg/image.cgi
24.39.200.66,/axis-cgi/jpg/image.cgi
24.39.200.66,/axis-cgi/jpg/image.cgi
24.39.200.66,/axis-cgi/jpg/image.cgi
24.39.200.66,/axis-cgi/jpg/image.cgi
24.39.200.66,/axis-cgi/jpg/image.cgi
24.39.200.66,/axis-cgi/jpg/image.cgi
24.39.200.66,/axis-cgi/jpg/image.cgi
24.39.200.66,/axis-cgi/jpg/image.cgi
24.39.200.66,/axis-cgi/jpg/image.cgi
24.39.88.218,
24.97.25.202,/SnapshotJPEG?Resolution
63.139.27.218,/axis-cgi/jpg/image.cgi
63.243.21.114,/axis-cgi/jpg/image.cgi
64.185.150.180,/axis-cgi/jpg/image.cgi
64.57.178.86,/axis-cgi/jpg/image.cgi
64.65.207.128,/axis-cgi/jpg/image.cgi
66.206.115.137,/SnapshotJPEG?Resolution
66.66.231.13,/axis-cgi/jpg/image.cgi
66.66.27.252,
67.246.111.39,/SnapshotJPEG?Resolution
67.247.79.188,/SnapshotJPEG?Resolution
67.255.97.29,/SnapshotJPEG?Resolution
67.255.97.29,/SnapshotJPEG?Resolution
68.172.214.226,/SnapshotJPEG?Resolution
68.172.214.226,/SnapshotJPEG?Resolution
68.172.214.226,/SnapshotJPEG?Resolution
68.193.198.145,
68.70.3.183,/SnapshotJPEG?Resolution
69.127.67.57,/SnapshotJPEG?Resolution
69.55.78.18,/axis-cgi/jpg/image.cgi
69.6.98.250,
72.45.197.22,
74.101.248.2,/SnapshotJPEG?Resolution
74.101.248.6,/SnapshotJPEG?Resolution
74.76.132.24,/axis-cgi/jpg/image.cgi
207.251.86.238,/cctv10.jpg
207.251.86.238,/cctv106.jpg
207.251.86.238,/cctv11.jpg
207.251.86.238,/cctv112.jpg
207.251.86.238,/cctv114.jpg
207.251.86.238,/cctv115.jpg
207.251.86.238,/cctv116.jpg
207.251.86.238,/cctv12.jpg
207.251.86.238,/cctv120.jpg
207.251.86.238,/cctv122.jpg
207.251.86.238,/cctv127.jpg
207.251.86.238,/cctv128.jpg
207.251.86.238,/cctv129.jpg
207.251.86.238,/cctv130.jpg
207.251.86.238,/cctv134.jpg
207.251.86.238,/cctv14.jpg
207.251.86.238,/cctv143.jpg
207.251.86.238,/cctv145.jpg
207.251.86.238,/cctv148.jpg
207.251.86.238,/cctv15.jpg
207.251.86.238,/cctv159.jpg
207.251.86.238,/cctv16.jpg
207.251.86.238,/cctv162.jpg
207.251.86.238,/cctv163.jpg
207.251.86.238,/cctv166.jpg
207.251.86.238,/cctv171.jpg
207.251.86.238,/cctv172.jpg
207.251.86.238,/cctv173.jpg
207.251.86.238,/cctv178.jpg
207.251.86.238,/cctv18.jpg
207.251.86.238,/cctv181.jpg
207.251.86.238,/cctv185.jpg
207.251.86.238,/cctv19.jpg
207.251.86.238,/cctv191.jpg
207.251.86.238,/cctv194.jpg
207.251.86.238,/cctv2.jpg
207.251.86.238,/cctv201.jpg
207.251.86.238,/cctv202.jpg
207.251.86.238,/cctv22.jpg
207.251.86.238,/cctv223.jpg
207.251.86.238,/cctv25.jpg
207.251.86.238,/cctv254.jpg
207.251.86.238,/cctv26.jpg
207.251.86.238,/cctv261.jpg
207.251.86.238,/cctv263.jpg
207.251.86.238,/cctv27.jpg
207.251.86.238,/cctv281.jpg
207.251.86.238,/cctv290.jpg
207.251.86.238,/cctv294.jpg
207.251.86.238,/cctv296.jpg
207.251.86.238,/cctv297.jpg
207.251.86.238,/cctv299.jpg
207.251.86.238,/cctv3.jpg
207.251.86.238,/cctv303.jpg
207.251.86.238,/cctv304.jpg
207.251.86.238,/cctv305.jpg
207.251.86.238,/cctv309.jpg
207.251.86.238,/cctv314.jpg
207.251.86.238,/cctv315.jpg
207.251.86.238,/cctv316.jpg
207.251.86.238,/cctv317.jpg
207.251.86.238,/cctv320.jpg
207.251.86.238,/cctv321.jpg
207.251.86.238,/cctv322.jpg
207.251.86.238,/cctv323.jpg
207.251.86.238,/cctv327.jpg
207.251.86.238,/cctv328.jpg
207.251.86.238,/cctv329.jpg
207.251.86.238,/cctv330.jpg
207.251.86.238,/cctv338.jpg
207.251.86.238,/cctv339.jpg
207.251.86.238,/cctv340.jpg
207.251.86.238,/cctv341.jpg
207.251.86.238,/cctv349.jpg
207.251.86.238,/cctv350.jpg
207.251.86.238,/cctv351.jpg
207.251.86.238,/cctv352.jpg
207.251.86.238,/cctv353.jpg
207.251.86.238,/cctv355.jpg
207.251.86.238,/cctv357.jpg
207.251.86.238,/cctv359.jpg
207.251.86.238,/cctv361.jpg
207.251.86.238,/cctv369.jpg
207.251.86.238,/cctv371.jpg
207.251.86.238,/cctv373.jpg
207.251.86.238,/cctv374.jpg
207.251.86.238,/cctv375.jpg
207.251.86.238,/cctv376.jpg
207.251.86.238,/cctv378.jpg
207.251.86.238,/cctv382.jpg
207.251.86.238,/cctv383.jpg
207.251.86.238,/cctv384.jpg
207.251.86.238,/cctv385.jpg
207.251.86.238,/cctv386.jpg
207.251.86.238,/cctv387.jpg
207.251.86.238,/cctv388.jpg
207.251.86.238,/cctv389.jpg
207.251.86.238,/cctv390.jpg
207.251.86.238,/cctv391.jpg
207.251.86.238,/cctv392.jpg
207.251.86.238,/cctv394.jpg
207.251.86.238,/cctv395.jpg
207.251.86.238,/cctv396.jpg
207.251.86.238,/cctv397.jpg
207.251.86.238,/cctv398.jpg
207.251.86.238,/cctv399.jpg
207.251.86.238,/cctv400.jpg
207.251.86.238,/cctv401.jpg
207.251.86.238,/cctv402.jpg
207.251.86.238,/cctv403.jpg
207.251.86.238,/cctv404.jpg
207.251.86.238,/cctv406.jpg
207.251.86.238,/cctv407.jpg
207.251.86.238,/cctv408.jpg
207.251.86.238,/cctv412.jpg
207.251.86.238,/cctv413.jpg
207.251.86.238,/cctv415.jpg
207.251.86.238,/cctv416.jpg
207.251.86.238,/cctv417.jpg
207.251.86.238,/cctv418.jpg
207.251.86.238,/cctv420.jpg
207.251.86.238,/cctv421.jpg
207.251.86.238,/cctv425.jpg
207.251.86.238,/cctv428.jpg
207.251.86.238,/cctv429.jpg
207.251.86.238,/cctv430.jpg
207.251.86.238,/cctv432.jpg
207.251.86.238,/cctv436.jpg
207.251.86.238,/cctv438.jpg
207.251.86.238,/cctv439.jpg
207.251.86.238,/cctv440.jpg
207.251.86.238,/cctv441.jpg
207.251.86.238,/cctv443.jpg
207.251.86.238,/cctv444.jpg
207.251.86.238,/cctv445.jpg
207.251.86.238,/cctv446.jpg
207.251.86.238,/cctv447.jpg
207.251.86.238,/cctv448.jpg
207.251.86.238,/cctv450.jpg
207.251.86.238,/cctv453.jpg
207.251.86.238,/cctv455.jpg
207.251.86.238,/cctv457.jpg
207.251.86.238,/cctv458.jpg
207.251.86.238,/cctv459.jpg
207.251.86.238,/cctv464.jpg
207.251.86.238,/cctv466.jpg
207.251.86.238,/cctv467.jpg
207.251.86.238,/cctv468.jpg
207.251.86.238,/cctv469.jpg
207.251.86.238,/cctv470.jpg
207.251.86.238,/cctv471.jpg
207.251.86.238,/cctv472.jpg
207.251.86.238,/cctv473.jpg
207.251.86.238,/cctv474.jpg
207.251.86.238,/cctv475.jpg
207.251.86.238,/cctv476.jpg
207.251.86.238,/cctv484.jpg
207.251.86.238,/cctv485.jpg
207.251.86.238,/cctv486.jpg
207.251.86.238,/cctv488.jpg
207.251.86.238,/cctv492.jpg
207.251.86.238,/cctv495.jpg
207.251.86.238,/cctv5.jpg
207.251.86.238,/cctv50.jpg
207.251.86.238,/cctv500.jpg
207.251.86.238,/cctv501.jpg
207.251.86.238,/cctv511.jpg
207.251.86.238,/cctv517.jpg
207.251.86.238,/cctv519.jpg
207.251.86.238,/cctv521.jpg
207.251.86.238,/cctv523.jpg
207.251.86.238,/cctv524.jpg
207.251.86.238,/cctv525.jpg
207.251.86.238,/cctv528.jpg
207.251.86.238,/cctv529.jpg
207.251.86.238,/cctv530.jpg
207.251.86.238,/cctv531.jpg
207.251.86.238,/cctv532.jpg
207.251.86.238,/cctv533.jpg
207.251.86.238,/cctv535.jpg
207.251.86.238,/cctv536.jpg
207.251.86.238,/cctv537.jpg
207.251.86.238,/cctv538.jpg
207.251.86.238,/cctv539.jpg
207.251.86.238,/cctv54.jpg
207.251.86.238,/cctv543.jpg
207.251.86.238,/cctv544.jpg
207.251.86.238,/cctv545.jpg
207.251.86.238,/cctv546.jpg
207.251.86.238,/cctv547.jpg
207.251.86.238,/cctv548.jpg
207.251.86.238,/cctv581.jpg
207.251.86.238,/cctv582.jpg
207.251.86.238,/cctv583.jpg
207.251.86.238,/cctv584.jpg
207.251.86.238,/cctv585.jpg
207.251.86.238,/cctv587.jpg
207.251.86.238,/cctv588.jpg
207.251.86.238,/cctv589.jpg
207.251.86.238,/cctv590.jpg
207.251.86.238,/cctv591.jpg
207.251.86.238,/cctv592.jpg
207.251.86.238,/cctv593.jpg
207.251.86.238,/cctv594.jpg
207.251.86.238,/cctv596.jpg
207.251.86.238,/cctv600.jpg
207.251.86.238,/cctv601.jpg
207.251.86.238,/cctv602.jpg
207.251.86.238,/cctv64.jpg
207.251.86.238,/cctv640.jpg
207.251.86.238,/cctv641.jpg
207.251.86.238,/cctv642.jpg
207.251.86.238,/cctv644.jpg
207.251.86.238,/cctv648.jpg
207.251.86.238,/cctv649.jpg
207.251.86.238,/cctv65.jpg
207.251.86.238,/cctv651.jpg
207.251.86.238,/cctv653.jpg
207.251.86.238,/cctv654.jpg
207.251.86.238,/cctv656.jpg
207.251.86.238,/cctv657.jpg
207.251.86.238,/cctv658.jpg
207.251.86.238,/cctv659.jpg
207.251.86.238,/cctv660.jpg
207.251.86.238,/cctv665.jpg
207.251.86.238,/cctv666.jpg
207.251.86.238,/cctv667.jpg
207.251.86.238,/cctv669.jpg
207.251.86.238,/cctv671.jpg
207.251.86.238,/cctv673.jpg
207.251.86.238,/cctv674.jpg
207.251.86.238,/cctv675.jpg
207.251.86.238,/cctv676.jpg
207.251.86.238,/cctv677.jpg
207.251.86.238,/cctv678.jpg
207.251.86.238,/cctv679.jpg
207.251.86.238,/cctv680.jpg
207.251.86.238,/cctv681.jpg
207.251.86.238,/cctv682.jpg
207.251.86.238,/cctv683.jpg
207.251.86.238,/cctv684.jpg
207.251.86.238,/cctv685.jpg
207.251.86.238,/cctv687.jpg
207.251.86.238,/cctv689.jpg
207.251.86.238,/cctv691.jpg
207.251.86.238,/cctv692.jpg
207.251.86.238,/cctv693.jpg
207.251.86.238,/cctv694.jpg
207.251.86.238,/cctv695.jpg
207.251.86.238,/cctv697.jpg
207.251.86.238,/cctv698.jpg
207.251.86.238,/cctv699.jpg
207.251.86.238,/cctv7.jpg
207.251.86.238,/cctv702.jpg
207.251.86.238,/cctv703.jpg
207.251.86.238,/cctv705.jpg
207.251.86.238,/cctv706.jpg
207.251.86.238,/cctv707.jpg
207.251.86.238,/cctv708.jpg
207.251.86.238,/cctv711.jpg
207.251.86.238,/cctv712.jpg
207.251.86.238,/cctv714.jpg
207.251.86.238,/cctv717.jpg
207.251.86.238,/cctv718.jpg
207.251.86.238,/cctv719.jpg
207.251.86.238,/cctv720.jpg
207.251.86.238,/cctv722.jpg
207.251.86.238,/cctv723.jpg
207.251.86.238,/cctv724.jpg
207.251.86.238,/cctv725.jpg
207.251.86.238,/cctv727.jpg
207.251.86.238,/cctv728.jpg
207.251.86.238,/cctv732.jpg
207.251.86.238,/cctv733.jpg
207.251.86.238,/cctv735.jpg
207.251.86.238,/cctv736.jpg
207.251.86.238,/cctv739.jpg
207.251.86.238,/cctv740.jpg
207.251.86.238,/cctv741.jpg
207.251.86.238,/cctv742.jpg
207.251.86.238,/cctv743.jpg
207.251.86.238,/cctv744.jpg
207.251.86.238,/cctv746.jpg
207.251.86.238,/cctv747.jpg
207.251.86.238,/cctv749.jpg
207.251.86.238,/cctv750.jpg
207.251.86.238,/cctv751.jpg
207.251.86.238,/cctv752.jpg
207.251.86.238,/cctv753.jpg
207.251.86.238,/cctv754.jpg
207.251.86.238,/cctv755.jpg
207.251.86.238,/cctv756.jpg
207.251.86.238,/cctv757.jpg
207.251.86.238,/cctv760.jpg
207.251.86.238,/cctv762.jpg
207.251.86.238,/cctv763.jpg
207.251.86.238,/cctv764.jpg
207.251.86.238,/cctv765.jpg
207.251.86.238,/cctv766.jpg
207.251.86.238,/cctv767.jpg
207.251.86.238,/cctv768.jpg
207.251.86.238,/cctv769.jpg
207.251.86.238,/cctv773.jpg
207.251.86.238,/cctv774.jpg
207.251.86.238,/cctv775.jpg
207.251.86.238,/cctv779.jpg
207.251.86.238,/cctv780.jpg
207.251.86.238,/cctv785.jpg
207.251.86.238,/cctv786.jpg
207.251.86.238,/cctv787.jpg
207.251.86.238,/cctv789.jpg
207.251.86.238,/cctv790.jpg
207.251.86.238,/cctv791.jpg
207.251.86.238,/cctv793.jpg
207.251.86.238,/cctv794.jpg
207.251.86.238,/cctv795.jpg
207.251.86.238,/cctv796.jpg
207.251.86.238,/cctv797.jpg
207.251.86.238,/cctv798.jpg
207.251.86.238,/cctv8.jpg
207.251.86.238,/cctv800.jpg
207.251.86.238,/cctv802.jpg
207.251.86.238,/cctv803.jpg
207.251.86.238,/cctv804.jpg
207.251.86.238,/cctv810.jpg
207.251.86.238,/cctv811.jpg
207.251.86.238,/cctv813.jpg
207.251.86.238,/cctv814.jpg
207.251.86.238,/cctv816.jpg
207.251.86.238,/cctv819.jpg
207.251.86.238,/cctv820.jpg
207.251.86.238,/cctv821.jpg
207.251.86.238,/cctv822.jpg
207.251.86.238,/cctv824.jpg
207.251.86.238,/cctv825.jpg
207.251.86.238,/cctv827.jpg
207.251.86.238,/cctv828.jpg
207.251.86.238,/cctv9.jpg
207.251.86.238,/cctv90.jpg
207.251.86.238,/cctv92.jpg
207.251.86.238,/cctv95.jpg
207.251.86.238,/cctv98.jpg
172.28.201.8,/1/image.jpg
172.28.201.8,/2/image.jpg
172.28.202.8,/1/image.jpg
172.28.203.8,/1/image.jpg
172.28.203.8,/2/image.jpg
172.28.205.8,/1/image.jpg
172.28.205.8,/2/image.jpg
172.28.206.8,/1/image.jpg
172.28.206.8,/2/image.jpg
172.28.207.8,/1/image.jpg
172.28.207.8,/2/image.jpg
172.28.208.8,/1/image.jpg
172.28.209.8,/1/image.jpg
172.28.211.8,/1/image.jpg
172.28.211.8,/2/image.jpg
143.67.94.18,/mjpg/video.mjpg?COUNTER
173.220.217.220,/mjpg/video.mjpg?COUNTER
173.251.20.139,/oneshotimage1?COUNTER
173.77.150.123,/mjpg/video.mjpg?COUNTER
184.19.151.17,/mjpg/video.mjpg?COUNTER
24.193.32.50,/mjpg/video.mjpg?COUNTER
24.97.20.74,/SnapshotJPEG?Resolution=640x480&amp;Quality=Clarity&amp;COUNTER
24.97.81.210,/mjpg/video.mjpg?COUNTER
47.21.225.42,/oneshotimage1?COUNTER
63.139.116.18,/SnapshotJPEG?Resolution=640x480&amp;Quality=Clarity&amp;COUNTER
65.40.80.21,/mjpg/video.mjpg?COUNTER
66.194.176.223,/mjpg/video.mjpg?COUNTER
74.11.145.210,/mjpg/video.mjpg?COUNTER
74.77.177.45,/SnapshotJPEG?Resolution=640x480&amp;Quality=Clarity&amp;COUNTER
96.56.68.210,/oneshotimage1?COUNTER
